,Company,Compound,Date,Negative,Neutral,Positive,Tweets
0,@BBCWorld,0.0,2018-03-23 18:23:40+00:00,0.0,1.0,0.0,Half of African species 'face extinction' https://t.co/EndEdlKO9r
1,@BBCWorld,0.0,2018-03-23 18:23:40+00:00,0.0,1.0,0.0,Elon Musk pulls brands from Facebook https://t.co/4BxPvragQf
2,@BBCWorld,-0.5719,2018-03-23 16:37:49+00:00,0.316,0.684,0.0,US sanctions Iranian hackers for 'stealing university data' https://t.co/UofiYoWgdq
3,@BBCWorld,-0.4939,2018-03-23 16:14:43+00:00,0.286,0.714,0.0,Car bomb targets spectators at Afghanistan wrestling match https://t.co/rFwp2eal80
4,@BBCWorld,0.0,2018-03-23 15:37:32+00:00,0.0,1.0,0.0,China cracks down on video parodies https://t.co/WcfEQBNjHp
5,@BBCWorld,-0.7579,2018-03-23 13:58:28+00:00,0.52,0.48,0.0,France hostage crisis: Police shoot supermarket gunman https://t.co/Xu97Vw0Fa7
6,@BBCWorld,-0.34,2018-03-23 13:56:57+00:00,0.112,0.888,0.0,"Donald Trump firing a senior member of his team isn't unusual these days, here's a reminder of who's gone so far‚Ä¶ https://t.co/nnjyNW0ylC"
7,@BBCWorld,-0.3182,2018-03-23 13:43:24+00:00,0.32,0.68,0.0,Poland abortion: Protests against bill imposing new limits https://t.co/MlRkwfNlcZ
8,@BBCWorld,-0.4588,2018-03-23 13:43:24+00:00,0.273,0.727,0.0,"Reddit: Guns, beer and tobacco transactions now banned https://t.co/494E5Jzs83"
9,@BBCWorld,-0.8176,2018-03-23 13:09:12+00:00,0.273,0.727,0.0,"RT @BBCBreaking: At least two people now feared dead in #Tr√®bes hostage situation, with three more wounded and situation ongoing - French I‚Ä¶"
10,@BBCWorld,-0.5574,2018-03-23 12:27:17+00:00,0.34,0.66,0.0,"Trade wars, Trump tariffs and protectionism explained https://t.co/QGVvXn7PYp"
11,@BBCWorld,0.0,2018-03-23 12:14:43+00:00,0.0,1.0,0.0,"#Tr√®bes: The latest reports from supermarket in France where gunman has taken hostages, with at least one person fe‚Ä¶ https://t.co/ceX3HxZhdU"
12,@BBCWorld,0.0,2018-03-23 12:14:32+00:00,0.0,1.0,0.0,Spanish police break up Nigerian sex trafficking gang https://t.co/swIBGLbYBd
13,@BBCWorld,0.0,2018-03-23 11:53:14+00:00,0.0,1.0,0.0,Latest on the incident at  #Tr√®bes https://t.co/WagWE23s59 https://t.co/4B7XEHHBYc
14,@BBCWorld,0.5994,2018-03-23 11:47:04+00:00,0.0,0.837,0.163,"RT @BBCBreaking: What we know so far about hostage situation in #Tr√®bes, France:

- Elite police surrounding Super U shop, gunman inside

-‚Ä¶"
15,@BBCWorld,-0.3182,2018-03-23 11:23:22+00:00,0.099,0.901,0.0,"French media say the man had earlier fired shots at some policemen who were jogging, wounding one of them, but not‚Ä¶ https://t.co/x8t9ahPnPT"
16,@BBCWorld,0.0,2018-03-23 11:00:28+00:00,0.0,1.0,0.0,'Hostages taken' at French supermarket https://t.co/WagWE23s59
17,@BBCWorld,-0.55,2018-03-23 10:26:30+00:00,0.245,0.669,0.086,"Orphaned and diasabled - meet seven-year-old Syrian boy Mustafa. His tragic life so far hasn't stopped him smiling
https://t.co/9uFG47mtsE"
18,@BBCWorld,0.34,2018-03-23 08:10:39+00:00,0.0,0.789,0.211,John Bolton: Five things new Trump security adviser believes https://t.co/l094LLvukT
19,@BBCWorld,-0.2263,2018-03-23 07:44:51+00:00,0.174,0.826,0.0,Stephon Clark: Protests over police shooting shut NBA arena https://t.co/1tBPzE7nB1
20,@BBCWorld,0.3182,2018-03-23 05:49:15+00:00,0.0,0.813,0.187,US Congress passes huge spending bill ahead of shutdown deadline https://t.co/SATow9P80O
21,@BBCWorld,-0.296,2018-03-23 05:16:15+00:00,0.216,0.784,0.0,Katie Brennan: Australia's AFL accused of gender discrimination https://t.co/0iML7WFsFD
22,@BBCWorld,0.0,2018-03-23 04:42:44+00:00,0.297,0.473,0.23,The Rio protesters fighting for justice for Marielle Franco https://t.co/36LzJ0pnJT
23,@BBCWorld,0.0,2018-03-23 03:49:46+00:00,0.0,1.0,0.0,"RT @BBCNewsAsia: South Korea has some of the longest working hours in the world.

So the local government in Seoul is introducing a new ini‚Ä¶"
24,@BBCWorld,0.2263,2018-03-23 02:30:38+00:00,0.0,0.84,0.16,China considers possible tariffs on $3bn worth of US goods https://t.co/rbihRhq3po
25,@BBCWorld,0.5994,2018-03-23 02:05:15+00:00,0.0,0.795,0.205,RT @BBCNewsAsia: Give a warm Twitter welcome to our new Myanmar correspondent Nick Beake @Beaking_News who will be starting in Yangon. http‚Ä¶
26,@BBCWorld,-0.5994,2018-03-23 01:49:37+00:00,0.358,0.642,0.0,John Bolton: Bush-era war hawk makes comeback https://t.co/Ct1S4fMaPJ
27,@BBCWorld,0.0,2018-03-23 01:39:49+00:00,0.0,1.0,0.0,Florida shooting: Why I'm marching on Washington DC https://t.co/Vsm9uGqmlr
28,@BBCWorld,0.0,2018-03-23 01:39:48+00:00,0.0,1.0,0.0,The Walking Dead's make-up man on the art of gore https://t.co/1x0zyEKy3N
29,@BBCWorld,0.0,2018-03-23 01:04:55+00:00,0.0,1.0,0.0,Africa's week in pictures: 16-22 March 2018 https://t.co/6uI5PtQY6t
30,@BBCWorld,0.0,2018-03-23 00:51:32+00:00,0.0,1.0,0.0,Cate Blanchett meets Rohingya child refugees https://t.co/Jxul2zUJJX
31,@BBCWorld,-0.7964,2018-03-23 00:51:30+00:00,0.536,0.464,0.0,Rosa Parks house: Dispute threatens bitter end to homecoming https://t.co/VuYFIDQQam
32,@BBCWorld,0.4588,2018-03-23 00:43:57+00:00,0.0,0.75,0.25,Meet the disabled Syrian boy who is always smiling https://t.co/Gu7npqjxvn
33,@BBCWorld,0.0,2018-03-23 00:36:30+00:00,0.0,1.0,0.0,How DNA can be used to store computer data https://t.co/1TZzKQkSPq
34,@BBCWorld,-0.34,2018-03-23 00:30:51+00:00,0.231,0.769,0.0,Trump's cabinet: who's next for the firing line? https://t.co/XMtgxh8fTh
35,@BBCWorld,0.1779,2018-03-23 00:24:58+00:00,0.0,0.746,0.254,Pacific garbage patch 'growing rapidly' https://t.co/YRQSyy5P4y
36,@BBCWorld,0.0,2018-03-23 00:24:58+00:00,0.0,1.0,0.0,Toys R Us founder Charles Lazarus dies at 94 as his company folds https://t.co/W9A8JHp3BW
37,@BBCWorld,0.0,2018-03-23 00:24:58+00:00,0.0,1.0,0.0,Origin of 'six-inch mummy' confirmed https://t.co/1OUXCDmQ4B
38,@BBCWorld,-0.6908,2018-03-22 22:44:19+00:00,0.487,0.513,0.0,Syria war: Eastern Ghouta rebels announce ceasefire https://t.co/Thp46pBbPS
39,@BBCWorld,0.0,2018-03-22 22:34:29+00:00,0.0,1.0,0.0,Trump replaces McMaster with Bolton https://t.co/KNg4GjKT86
40,@BBCWorld,-0.6705,2018-03-22 22:18:10+00:00,0.224,0.776,0.0,At least half a million children are being affected by war in Ukraine's Donbass region. One woman is on a mission t‚Ä¶ https://t.co/0DzONJuOHi
41,@BBCWorld,0.25,2018-03-22 21:46:45+00:00,0.099,0.755,0.146,"The Islamic State group destroyed their library in Mosul, but these sisters are determined to rebuild it https://t.co/RdplMbDkBd"
42,@BBCWorld,0.128,2018-03-22 21:03:07+00:00,0.0,0.842,0.158,Sex doll 'brothel': Xdolls escapes Paris council censure https://t.co/QZM1X7drDN
43,@BBCWorld,0.0,2018-03-22 19:15:59+00:00,0.0,1.0,0.0,Kenya payout for mother made to deliver on hospital floor https://t.co/PkFKaUlP46
44,@BBCWorld,0.4973,2018-03-22 19:15:59+00:00,0.0,0.624,0.376,Dapchi kidnap: Government 'will not abandon' lone hostage https://t.co/E0Ltn9dRMA
45,@BBCWorld,0.0,2018-03-22 18:20:44+00:00,0.0,1.0,0.0,Meet SoFi - the soft robot fish developed by MIT https://t.co/cDDnAX7sT3
46,@BBCWorld,0.5106,2018-03-22 18:17:09+00:00,0.0,0.602,0.398,Viral teacher's inspirational chalkboard PC https://t.co/T84VYR5KKp
47,@BBCWorld,0.0,2018-03-22 18:15:23+00:00,0.0,1.0,0.0,RT @bbclaurak: Tusk - EU moving trade debate tomorrow because Trump tariff announcements only just coming through
48,@BBCWorld,0.0,2018-03-22 17:26:48+00:00,0.0,1.0,0.0,Israeli man fined for urinating on memorial at Auschwitz https://t.co/97RyykWstx
49,@BBCWorld,0.34,2018-03-22 17:20:30+00:00,0.0,0.893,0.107,"RT @BBCSport: Ireland have been handed a big 2019 World Cup lifeline.

Victory over Afghanistan on Friday will secure them a place.

üëâ http‚Ä¶"
50,@BBCWorld,-0.5423,2018-03-22 16:59:39+00:00,0.28,0.72,0.0,Police video shows fatal shooting of unarmed black man https://t.co/veNxSoMdLg
51,@BBCWorld,0.0,2018-03-22 16:15:47+00:00,0.0,1.0,0.0,EU and six other countries exempted from US metals tariffs https://t.co/IGSIUW3XDz
52,@BBCWorld,-0.128,2018-03-22 15:50:31+00:00,0.207,0.631,0.162,Donald Trump's top Russia lawyer John Dowd resigns https://t.co/zrhg8tuw8u
53,@BBCWorld,0.0,2018-03-22 15:40:24+00:00,0.0,1.0,0.0,"Skating Lake Baikal, the world's deepest lake https://t.co/fLp0IU6jdw"
54,@BBCWorld,0.0,2018-03-22 14:55:08+00:00,0.0,1.0,0.0,Cambridge Analytica taken to court over data storage https://t.co/98vGGTl7Tk
55,@BBCWorld,-0.6705,2018-03-22 14:54:46+00:00,0.29,0.539,0.172,"Serving six years for killing her abusive ex-partner, Gloria Chochi is hoping for a rare pardon from the Spanish pr‚Ä¶ https://t.co/Swu1dEgJ3g"
56,@BBCWorld,0.1779,2018-03-22 14:33:39+00:00,0.215,0.519,0.267,Ukraine arrests pilot hero Savchenko over 'coup plot' https://t.co/5VQbpFkHDM
57,@BBCWorld,-0.5106,2018-03-22 14:27:54+00:00,0.248,0.752,0.0,Dapchi kidnap: Nigerian father's pain as daughter flies to Abuja https://t.co/5ffmh4kEY1
58,@BBCWorld,-0.7184,2018-03-22 14:22:27+00:00,0.5,0.5,0.0,YouTube gun ban drives bloggers to PornHub https://t.co/TCcECpXlER
59,@BBCWorld,0.0,2018-03-22 14:17:41+00:00,0.0,1.0,0.0,Dutch parliament halted as man jumps from public gallery https://t.co/tZaUQxIvNu
60,@BBCWorld,0.0,2018-03-22 14:17:41+00:00,0.0,1.0,0.0,Cynthia Nixon and 10 other celebrities who entered politics https://t.co/kVGCHrgeZW
61,@BBCWorld,0.0,2018-03-22 13:49:56+00:00,0.0,1.0,0.0,Nigerian girls tell of kidnap ordeal https://t.co/f4XspTaAp2
62,@BBCWorld,-0.6249,2018-03-22 13:37:39+00:00,0.254,0.746,0.0,Meet Louis - the gorilla who walks upright to avoid getting his hands - or food - dirty. ü¶çüçÖüçÖ https://t.co/tpZfzGhMc1
63,@BBCWorld,-0.1531,2018-03-22 13:37:10+00:00,0.167,0.833,0.0,Miss Venezuela to close temporarily over corruption claims https://t.co/eMOQoeDbtc
64,@BBCWorld,0.0,2018-03-22 13:24:26+00:00,0.0,1.0,0.0,Austria recalls diplomat from Israel over Nazi shirt https://t.co/NesdwRc0zN
65,@BBCWorld,0.4854,2018-03-22 13:21:44+00:00,0.0,0.813,0.187,"RT @BBC_HaveYourSay: Iran Supreme Leader Ali Khamenei is telling his people to support Iranian products, but Twitter responds with a photo‚Ä¶"
66,@BBCWorld,-0.3182,2018-03-22 13:16:07+00:00,0.247,0.753,0.0,Iranian officials mocked for using foreign products https://t.co/akjRMAbD9U
67,@BBCWorld,0.2263,2018-03-22 12:44:28+00:00,0.0,0.808,0.192,Tennessee grants $1 million to wrongly convicted man https://t.co/2OVUvE0UEJ
68,@BBCWorld,-0.1779,2018-03-22 12:28:36+00:00,0.141,0.743,0.115,"RT @BBCSteveR: Commenting on the Skripal poisoning, one Russian paper today resorts to black humour:
The phone rings in Downing Street. 
-‚Ä¶"
69,@BBCWorld,-0.296,2018-03-22 11:44:32+00:00,0.167,0.833,0.0,South Korea to shut off computers to stop people working late https://t.co/EM7AtkXQNi
70,@BBCWorld,0.3818,2018-03-22 11:20:53+00:00,0.0,0.776,0.224,Florida school shooting students told to wear clear backpacks https://t.co/MjGowxfchq
71,@BBCWorld,-0.6908,2018-03-22 10:59:32+00:00,0.416,0.584,0.0,Syria war: Rebels 'begin leaving key Eastern Ghouta town' https://t.co/gQ0uQjCp3l
72,@BBCWorld,0.0,2018-03-22 10:37:31+00:00,0.0,1.0,0.0,Deadly blast at Czech chemical plant https://t.co/LROFE8ejLO
73,@BBCWorld,-0.4549,2018-03-22 10:29:12+00:00,0.271,0.729,0.0,Uber self-driving crash: Footage shows moment before impact https://t.co/sv38LCP7ot
74,@BBCWorld,-0.836,2018-03-22 09:54:21+00:00,0.53,0.47,0.0,Freiburg murder: Afghan jailed for life in Germany https://t.co/cqkwAQbpXw
75,@BBCWorld,0.0,2018-03-22 09:50:00+00:00,0.0,1.0,0.0,"Curiosity rover: 2,000 days on Mars https://t.co/ZZMhZadyeC"
76,@BBCWorld,0.0,2018-03-22 09:30:17+00:00,0.0,1.0,0.0,Dutch referendum: Spy tapping powers vote too close to call https://t.co/uIuBfhiM7M
77,@BBCWorld,-0.836,2018-03-22 09:25:17+00:00,0.53,0.47,0.0,Eleven jailed for life over India 'beef' murder https://t.co/jubZMnEFC6
78,@BBCWorld,0.0,2018-03-22 09:25:15+00:00,0.0,1.0,0.0,UK passports 'to be made in France after Brexit' https://t.co/pw72XL471C
79,@BBCWorld,-0.6249,2018-03-22 09:25:15+00:00,0.362,0.638,0.0,Rebel Wilson: Australia media firms fail in defamation case bid https://t.co/q9T71wtAMU
80,@BBCWorld,-0.5859,2018-03-22 09:25:15+00:00,0.324,0.676,0.0,Theresa May to warn EU leaders of Russian threat to democracy https://t.co/JMRLEigKZL
81,@BBCWorld,0.0,2018-03-22 08:14:29+00:00,0.0,1.0,0.0,Nicolas Sarkozy: French ex-president says funding probe is 'hell' https://t.co/NxfvEqARLh
82,@BBCWorld,-0.34,2018-03-22 07:54:57+00:00,0.231,0.769,0.0,'People against gun control haven't been shot at' https://t.co/6ZM0HgbR8s
83,@BBCWorld,0.7506,2018-03-22 05:58:17+00:00,0.0,0.766,0.234,RT @SallyBundockBBC: This is the maths teacher who became an online star - Eddie Woo. Did you have an inspirational teacher at school? Comm‚Ä¶
84,@BBCWorld,0.5267,2018-03-22 02:43:49+00:00,0.0,0.577,0.423,The vivacious fighter shaped by the favela https://t.co/dqeP0BfKQw
85,@BBCWorld,0.0,2018-03-22 02:43:47+00:00,0.0,1.0,0.0,South Africa and the fable of the Guptas https://t.co/fmansjhVUX
86,@BBCWorld,-0.5859,2018-03-22 02:39:08+00:00,0.301,0.577,0.122,Was Israel prepared to kill a journalist to get to Arafat? https://t.co/IglaoX5Yxw
87,@BBCWorld,0.0,2018-03-22 02:28:53+00:00,0.0,1.0,0.0,Joseph Mifsud: The mystery professor behind Trump Russia inquiry https://t.co/zfKRRFa5rx
88,@BBCWorld,-0.5423,2018-03-22 02:28:53+00:00,0.241,0.759,0.0,"The community of 2,000 people with 151 cases of sex crime https://t.co/XTjKgpQ0DQ"
89,@BBCWorld,0.0,2018-03-22 02:28:53+00:00,0.0,1.0,0.0,Entrepreneurs tackling racial inequality https://t.co/t5toacASQZ
90,@BBCWorld,-0.9382,2018-03-22 02:28:53+00:00,0.697,0.207,0.095,"Jailed for murder, Spain domestic violence victim fights for pardon https://t.co/AyaYmH5RAk"
91,@BBCWorld,0.0,2018-03-22 02:04:43+00:00,0.0,1.0,0.0,RT @BBCNewsAsia: India has taken down the local website of Cambridge Analytica following allegations the company used personal data of 50m‚Ä¶
92,@BBCWorld,0.0,2018-03-22 02:02:51+00:00,0.0,1.0,0.0,RT @BBCNewsAsia: The Trump administration plans to announce sanctions against China on Thursday after determining that the country is encou‚Ä¶
93,@BBCWorld,-0.2263,2018-03-22 02:02:48+00:00,0.137,0.863,0.0,RT @BBCNewsAsia: Lawsuit after Malaysian flag reported as 'IS symbol' in US https://t.co/RuXN00wmwX
94,@BBCWorld,0.296,2018-03-22 01:33:29+00:00,0.0,0.82,0.18,Water power: How one pump is helping an entire community https://t.co/7YtuOEESuv
95,@BBCWorld,0.0,2018-03-22 01:33:29+00:00,0.0,1.0,0.0,The brain scanner you can move in https://t.co/HpOs6TopPF
96,@BBCWorld,-0.296,2018-03-22 01:13:40+00:00,0.321,0.472,0.208,The woman helping Ukraine's traumatised children https://t.co/T7hUeiYxgj
97,@BBCWorld,0.0,2018-03-22 00:59:01+00:00,0.0,1.0,0.0,The sisters rebuilding Mosul University's library https://t.co/P7z5DjuhjR
98,@BBCWorld,0.0,2018-03-22 00:04:15+00:00,0.0,1.0,0.0,Trump set to announce China sanctions after IP probe https://t.co/xCEQZtHtzz
99,@BBCWorld,0.4767,2018-03-21 22:38:36+00:00,0.0,0.763,0.237,Eddie Woo: The maths teacher who became an unlikely star https://t.co/cn0RqABYrY
100,@CBS,0.0,2018-03-22 22:10:29+00:00,0.0,1.0,0.0,Game on! 16 teams left and the race to the finish continues tonight. Stream #11 Loyola-Chicago vs #7 Nevada LIVE at‚Ä¶ https://t.co/W374rmzzoC
101,@CBS,0.7081,2018-03-22 20:52:02+00:00,0.066,0.623,0.311,Save the date! These are season finales you do NOT want to miss. RT if you're excited! https://t.co/UUQoWsPPSh https://t.co/cDl4WmxMtU
102,@CBS,0.636,2018-03-22 00:23:38+00:00,0.0,0.802,0.198,Congratulations to all of the @CBSDaytime nominees for the #DaytimeEmmys! See the full list of #DaytimeEmmy nominee‚Ä¶ https://t.co/ivJVJWvfsf
103,@CBS,0.0,2018-03-21 18:00:01+00:00,0.0,1.0,0.0,Female Vocalist Of The Year nominee @MarenMorris will show her fans how it‚Äôs done when she takes the stage to showc‚Ä¶ https://t.co/PITjmAoFT8
104,@CBS,0.5106,2018-03-20 20:00:01+00:00,0.0,0.858,0.142,The legendary @Reba returns to host the 53rd #ACMawards and she‚Äôs proving just how comfortable she is behind the mi‚Ä¶ https://t.co/XPXcSPRXqC
105,@CBS,0.0,2018-03-20 17:58:43+00:00,0.0,1.0,0.0,RT @nancyodell: Told my daughter I'd be presenting at @ACMawards again this year. (Woot woot!We both luv country music!)She took this pic o‚Ä¶
106,@CBS,0.5562,2018-03-20 16:52:42+00:00,0.0,0.826,0.174,RT @ladyantebellum: Ecstatic to announce we'll be performing at the #ACMawards in Las Vegas again this year! https://t.co/Qfhs94j6FR
107,@CBS,0.0,2018-03-20 16:11:00+00:00,0.0,1.0,0.0,"Country superstars @kennychesney, @ladyantebellum, @blakeshelton, and @KeithUrban have just been added to the stell‚Ä¶ https://t.co/bJ4If7MacP"
108,@CBS,0.7845,2018-03-19 21:02:26+00:00,0.072,0.619,0.309,"RT @YandR_CBS: Forever evolving, Forever inspiring, Forever Young and Restless. ‚ù§Ô∏è Get ready to celebrate 45 years of #YR starting in just‚Ä¶"
109,@CBS,0.0,2018-03-18 23:44:30+00:00,0.0,1.0,0.0,New start times in East/Central Time Zones: #60Minutes 7:37ET/6:37CT #Instinct series premiere 8:37ET/7:37CT‚Ä¶ https://t.co/xT3YKqmu2M
110,@CBS,0.6514,2018-03-18 18:05:43+00:00,0.0,0.787,0.213,Spend your Sunday streaming Second Round games LIVE with a FREE trial of CBS All Access! https://t.co/3P85rXLy4b https://t.co/zbWfirD9Ju
111,@CBS,0.1867,2018-03-18 17:09:53+00:00,0.0,0.92,0.08,"RT @instinctcbs: TONIGHT, Dr. Dylan Reinhart rewrites the book on abnormal behavior. Don't miss the premiere of #Instinct at 8/7c! https://‚Ä¶"
112,@CBS,0.0,2018-03-17 19:00:02+00:00,0.0,1.0,0.0,"If any duo knows how to rock the stage, it's @FLAGALine. The Vocal Duo Of The Year nominee will perform live at the‚Ä¶ https://t.co/FknabB8NQp"
113,@CBS,0.6166,2018-03-17 17:42:43+00:00,0.0,0.839,0.161,How is your bracket looking after last night? Stream Second Round games LIVE today with a FREE trial of CBS All Acc‚Ä¶ https://t.co/25JlIpgwog
114,@CBS,0.7096,2018-03-17 14:00:03+00:00,0.0,0.753,0.247,Where better to spend #StPatricksDay than the place everybody knows your name? It‚Äôs just your luck that every singl‚Ä¶ https://t.co/Fom5wmdENL
115,@CBS,0.296,2018-03-16 22:53:21+00:00,0.0,0.896,0.104,Stars @JakeMcDorman and Nik Dodani will join the cast in the upcoming revival of Murphy Brown coming to CBS.‚Ä¶ https://t.co/JCAx29lo0i
116,@CBS,0.0,2018-03-16 18:15:53+00:00,0.0,1.0,0.0,"RT @thegoodfight: Go behind the scenes with costume designer @DanLawsonStyle in ""Behind The Style,"" a new weekly video series all about the‚Ä¶"
117,@CBS,0.6514,2018-03-16 16:28:40+00:00,0.0,0.822,0.178,The games have just begun! Continue to stream First Round games LIVE today with a FREE trial of CBS All Access:‚Ä¶ https://t.co/YTGsJ48zYP
118,@CBS,0.7088,2018-03-15 17:54:06+00:00,0.0,0.763,0.237,"RT @TheTalkCBS: You asked, we answered! The fun never ends when the ladies #KeepTalking and answer your fan questions üó£üí¨‚û°Ô∏è https://t.co/ie1‚Ä¶"
119,@CBS,-0.4939,2018-03-15 17:20:26+00:00,0.157,0.766,0.077,RT @instinctcbs: Dr. Dylan Reinhart is lured back into the field from his life of quiet academia when a certain serial killer makes things‚Ä¶
120,@CBS,0.6514,2018-03-15 16:42:41+00:00,0.0,0.806,0.194,Stream First Round games LIVE today starting at 12PM ET with a FREE trial of CBS All Access! https://t.co/3P85rXLy4b https://t.co/vZow3YD8cb
121,@CBS,0.6115,2018-03-15 14:32:16+00:00,0.0,0.734,0.266,RT @CBSSports: It's the most wonderful time of the year. #MarchMadness https://t.co/e4c9qohqSR
122,@CBS,0.6696,2018-03-14 19:30:01+00:00,0.0,0.781,0.219,"Give these ladies some love! @Lauren_Alaina, @DBradbery, @carlypearce, and @RaeLynn are nominated for New Female Vo‚Ä¶ https://t.co/IVhwURfJ3S"
123,@CBS,0.3612,2018-03-13 18:48:52+00:00,0.0,0.857,0.143,"RT @ManWithAPlan: Hungry for more #ManWithAPlan bloopers and behind-the-scenes videos featuring cast like @matt_leblanc, @thelizasnyder, @k‚Ä¶"
124,@CBS,0.539,2018-03-13 14:15:10+00:00,0.0,0.821,0.179,"Music stars @MileyCyrus, @edsheeran, @ladygaga, and more will honor the legendary @eltonofficial and his hit songs‚Ä¶ https://t.co/UzxARCCLnI"
125,@CBS,0.2244,2018-03-12 18:13:28+00:00,0.0,0.917,0.083,RT @thegoodfight: The verdict is in. The new season of #TheGoodFight is üî•üî•üî•! Stream it now on CBS All Access: https://t.co/FkYSNSXlRb https‚Ä¶
126,@CBS,0.0,2018-03-12 01:20:43+00:00,0.0,1.0,0.0,"RT @MadamSecretary: In less than an hour, #MadamSecretary's Keith Carradine will be taking over the @MadamSecretary Twitter page! Tweet alo‚Ä¶"
127,@CBS,0.4926,2018-03-09 22:48:26+00:00,0.0,0.883,0.117,RT @DierksBentley: Take and post a photo of the woman in your life who inspires you daily! Use the hashtag #WomanAmenACM in your post for a‚Ä¶
128,@CBS,0.1275,2018-03-09 22:24:20+00:00,0.092,0.795,0.113,"RT @MomCBS: If you missed guest star @KChenoweth in the latest episode of #Mom, not to worry! Watch now: https://t.co/RlvXoGOZ0l https://t.‚Ä¶"
129,@CBS,0.4215,2018-03-09 21:10:21+00:00,0.0,0.823,0.177,"Give a round of applause to @KelseaBallerini, @MirandaLambert, @Reba, @MarenMorris, and @CarrieUnderwood, the five‚Ä¶ https://t.co/Ncp1BTXx6N"
130,@CBS,0.8658,2018-03-09 18:27:28+00:00,0.0,0.553,0.447,"RT @thegoodfight: Smart, sexy, and sophisticated. See what's coming this season on #TheGoodFight. https://t.co/CuKhx2G50P https://t.co/ygTI‚Ä¶"
131,@CBS,0.0,2018-03-09 16:02:27+00:00,0.0,1.0,0.0,RT @BlueBloods_CBS: Even stand-up guys fall down sometimes. #BlueBloods is new tonight at 10/9c! https://t.co/UOlDm22wWW
132,@CBS,0.8625,2018-03-08 18:00:49+00:00,0.0,0.664,0.336,Today and every day we celebrate the women in our lives who empower and inspire us. Share a story about an¬†influent‚Ä¶ https://t.co/9rVtqrElvT
133,@CBS,0.4926,2018-03-08 17:03:04+00:00,0.0,0.868,0.132,Take and post a photo of the woman in your life who inspires you daily! Use the hashtag #WomanAmenACM in your post‚Ä¶ https://t.co/7ShhvE48zy
134,@CBS,-0.2023,2018-03-07 18:39:10+00:00,0.23,0.619,0.15,"RT @thegoodfight: Meticulously constructed. Soapy &amp; sexy. Intoxicating, savage television. üî• Here's what critics are saying about #TheGoodF‚Ä¶"
135,@CBS,0.0,2018-03-07 17:06:02+00:00,0.0,1.0,0.0,"This just in! @Jason_Aldean, @mirandalambert, @LukeBryanOnline, and many more are set to perform at the 53rd Academ‚Ä¶ https://t.co/mfxw2VxzU4"
136,@CBS,0.6705,2018-03-06 18:10:59+00:00,0.0,0.756,0.244,"Meet the ensemble of talented actors slated to join $1, a new mystery series coming to CBS All Access:‚Ä¶ https://t.co/QoyYv7vxwg"
137,@CBS,0.3818,2018-03-05 22:16:43+00:00,0.0,0.833,0.167,"Will @Jason_Aldean, @garthbrooks, @LukeBryanOnline, @ChrisStapleton, or @KeithUrban be named Entertainer Of The Yea‚Ä¶ https://t.co/rMD8zjeX3s"
138,@CBS,0.4404,2018-03-04 08:05:26+00:00,0.0,0.884,0.116,"RT @thegoodfight: It feels good to be back. üë†üíÑüî• The season 2 premiere of #TheGoodFight is now streaming, exclusively on CBS All Access: htt‚Ä¶"
139,@CBS,0.0,2018-03-03 20:55:20+00:00,0.0,1.0,0.0,"RT @thegoodfight: Tomorrow, #TheGoodFight is back. Stream the season 2 premiere only on CBS All Access: https://t.co/tNFR8LBJO2 https://t.c‚Ä¶"
140,@CBS,0.7096,2018-03-02 22:30:01+00:00,0.0,0.753,0.247,"Who are the trailblazing women in your life that inspire you? Join CBS and the ANA's #SeeHer initiative, celebratin‚Ä¶ https://t.co/M0KqZ41Bes"
141,@CBS,0.7096,2018-03-02 20:30:01+00:00,0.0,0.718,0.282,"Join @maria_bello, @aishatyler and @TeaLeoni in celebrating the accomplishments of women who have contributed to th‚Ä¶ https://t.co/MefESBeFL3"
142,@CBS,0.4939,2018-03-02 18:45:00+00:00,0.0,0.849,0.151,"In honor of Women's History Month, CBS and the Association of National Advertisers' (ANA) #SeeHer initiative will p‚Ä¶ https://t.co/2wtYxKJVuO"
143,@CBS,-0.6981,2018-03-01 18:59:01+00:00,0.21,0.79,0.0,RT @ZoeListerJones: Tonight‚Äôs an all new Life In Pieces and it‚Äôs directed by my ride or die @nataliaanderson!!!‚Ä¶ https://t.co/2LPfmyLWrY
144,@CBS,0.4547,2018-03-01 18:12:57+00:00,0.092,0.749,0.159,"RT @MarenMorris: Hot damn! Woke up from my post-wisdom teeth haze to find out I‚Äôm up for 4 @ACMawards ! So honored, especially for the Dear‚Ä¶"
145,@CBS,0.8591,2018-03-01 18:11:50+00:00,0.0,0.462,0.538,RT @KelseaBallerini: Ohhhhh goodness. Incredible. Thank you thank you thank you. #female https://t.co/1ZTYjNfQeF
146,@CBS,0.4885,2018-03-01 18:10:50+00:00,0.151,0.615,0.234,RT @KeithUrban: ACMs...... HOLY SMOKES!!!!! MAD LOVE TO U ALL THIS MORNING  FOR THESE INCREDIBLE NOMINATIONS. I‚ÄôM EXTREMELY GRATEFUL!!!!!!!‚Ä¶
147,@CBS,0.5994,2018-03-01 14:36:21+00:00,0.0,0.822,0.178,"RT @ACMawards: Congratulations to this year‚Äôs #ACMawards Video of the Year nominees:
‚ÄúBlack‚Äù - @DierksBentley
‚ÄúIt Ain‚Äôt My Fault‚Äù - @Brothe‚Ä¶"
148,@CBS,0.7717,2018-03-01 14:29:20+00:00,0.0,0.675,0.325,"RT @ACMawards: Please give a round of applause to this year‚Äôs #ACMawards Entertainer of the Year nominees: @Jason_Aldean, @GarthBrooks, @Lu‚Ä¶"
149,@CBS,0.6908,2018-03-01 14:15:29+00:00,0.0,0.725,0.275,".@ChrisStapleton, @ThomasRhett, @mirandalambert and more are all nominated for awards at Country Music's Party of t‚Ä¶ https://t.co/Vm1vXRUDYJ"
150,@CBS,0.0,2018-03-01 13:50:11+00:00,0.0,1.0,0.0,"The Queen of Country, @Reba, is returning to host the 53rd #ACMawards on Sunday, April 15 at 8/7c. Here are a few o‚Ä¶ https://t.co/Iqzz6Gql01"
151,@CBS,0.0,2018-03-01 01:04:52+00:00,0.0,1.0,0.0,RT @survivorcbs: It‚Äôs time! #Survivor https://t.co/YPk6cGWrUA
152,@CBS,0.0,2018-02-28 19:56:58+00:00,0.0,1.0,0.0,"RT @CBSThisMorning: TOMORROW: The nominees for the 2018 @ACMawards will be announced live by the one-and-only, @Reba! 

Watch on @CBS in ou‚Ä¶"
153,@CBS,0.4404,2018-02-28 19:08:30+00:00,0.0,0.884,0.116,"RT @thegoodfight: From the set design and costumes to hair and makeup, the production quality is truly next-level. Take a peek inside the u‚Ä¶"
154,@CBS,0.5562,2018-02-27 03:23:47+00:00,0.0,0.848,0.152,RT @LivinBiblically: The fun continues on Facebook! The #LivingBiblically cast is live to talk about tonight‚Äôs premiere. Tune in here: http‚Ä¶
155,@CBS,0.0,2018-02-26 22:50:32+00:00,0.0,1.0,0.0,"RT @KevinCanWaitCBS: Can you get all the way through these #KevinCanWait bloopers without laughing?! @KevinJames,@LeahRemini and the rest o‚Ä¶"
156,@CBS,0.0,2018-02-26 21:08:30+00:00,0.0,1.0,0.0,"RT @ACMawards: That‚Äôs right! @Reba is headed to @CBSThisMorning on Thursday, March 1 to announce this year‚Äôs #ACMAwards' nominees. Tune in‚Ä¶"
157,@CBS,0.4482,2018-02-26 19:53:41+00:00,0.0,0.895,0.105,"RT @ScorpionCBS: You can't hack your way to a 197 IQ, but you are well on your way with these Genius Facts from #TeamScorpion! üíª You can be‚Ä¶"
158,@CBS,0.784,2018-02-26 18:32:36+00:00,0.0,0.734,0.266,RT @SuperiorDonuts: You can always count on @DavidKoechner for a laugh! Did your favorite Tush moment make the list? Catch a new #SuperiorD‚Ä¶
159,@CBS,0.9359,2018-02-26 18:20:16+00:00,0.0,0.571,0.429,RT @TheTalkCBS: TODAY: We loved them together then &amp; we love seeing them together now! Welcome back to the show @THESaraGilbert‚Äã's good fri‚Ä¶
160,@CBS,-0.5423,2018-02-26 16:53:56+00:00,0.184,0.816,0.0,"RT @thegoodfight: As foundations begin to crumble, our characters struggle to make sense of this new dystopian world. The cast teases what'‚Ä¶"
161,@CBS,0.0,2018-02-26 16:52:01+00:00,0.0,1.0,0.0,"#LivingBiblically's @linzkraft and @jrfergjr appeared on @KCBS's Facebook Live this morning, talking all about what‚Ä¶ https://t.co/4RebcHuuMQ"
162,@CBS,0.0,2018-02-26 16:17:55+00:00,0.0,1.0,0.0,"RT @CBSSports: Introducing CBS Sports HQ, a New 24/7 Direct-to-Consumer Streaming Network for Sports News, Highlights, &amp; Analysis.

Stream‚Ä¶"
163,@CBS,0.7644,2018-02-26 01:12:32+00:00,0.0,0.769,0.231,"RT @CBSBigBrother: It‚Äôs down to the final 5 celebrity Houseguests, and anyone could take home the grand prize! Tune in NOW to watch the #BB‚Ä¶"
164,@CBS,0.0,2018-02-25 21:51:32+00:00,0.0,1.0,0.0,RT @startrekcbs: Binge the entire first season of #StarTrekDiscovery. All episodes now streaming exclusively on CBS All Access: https://t.c‚Ä¶
165,@CBS,0.0,2018-02-25 21:51:22+00:00,0.0,1.0,0.0,"RT @thegoodfight: #TheGoodFight returns in 1 week. Season 2 premieres Sunday, March 4. https://t.co/nomCao1GWp https://t.co/BOn6bOe9Tb"
166,@CBS,0.5093,2018-02-23 18:15:40+00:00,0.0,0.845,0.155,RT @thegoodfight: This is our new favorite thing. Christine Baranski debuted #TheGoodFight the Musical on @colbertlateshow last night! üéµüé§‚Ä¶
167,@CBS,0.0,2018-02-22 19:26:52+00:00,0.0,1.0,0.0,"RT @LivinBiblically: Confession time: have YOU ever hit the ""close door"" button in an elevator while somebody was approaching? The cast of‚Ä¶"
168,@CBS,0.0,2018-02-21 19:20:04+00:00,0.0,1.0,0.0,RT @CBSEyeSpeak: Mark your calendars! #CBSEyeSpeak kicks off March 14 with The EYE Speak Summit. Follow our page for more details! https://‚Ä¶
169,@CBS,0.6808,2018-02-21 18:19:25+00:00,0.0,0.752,0.248,"RT @CBSEyeSpeak: Proud to announce a new CBS initiative, promoting female empowerment and developing the next generation of leaders through‚Ä¶"
170,@CBS,0.4404,2018-02-20 19:55:19+00:00,0.0,0.884,0.116,"RT @LivinBiblically: When you're living by the Bible, it's good to have a priest and a rabbi on call (provided they answer their phones, th‚Ä¶"
171,@CBS,-0.4019,2018-02-20 17:58:18+00:00,0.119,0.881,0.0,"RT @thegoodfight: Chicago lawyers are being hunted and the world is going insane. 

The new season of #TheGoodFight premieres Sunday, March‚Ä¶"
172,@CBS,0.3612,2018-02-20 17:39:51+00:00,0.0,0.872,0.128,Ready for some larger than life competition? This new series from @MarkBurnettTV will premiere in summer 2018.‚Ä¶ https://t.co/gDXHLdIJ5v
173,@CBS,0.6124,2018-02-17 01:07:20+00:00,0.0,0.773,0.227,"With tournament dreams on the line, make sure to stream these college basketball matchups on CBS All Access:‚Ä¶ https://t.co/SGkYUZrQWB"
174,@CBS,0.3182,2018-02-16 18:42:43+00:00,0.0,0.892,0.108,"RT @LivinBiblically: While Chip's sticking to the Bible's original rules, the cast of #LivingBiblically has given them a more modern makeov‚Ä¶"
175,@CBS,0.68,2018-02-16 17:48:20+00:00,0.0,0.752,0.248,"Casting News! Peter Mark Kendall, Michael Gaston, Greg Wise, Rade ≈†erbed≈æija, Zack Pearlman, and Keye Chen join the‚Ä¶ https://t.co/GFob2KrD8H"
176,@CBS,0.8619,2018-02-14 19:23:27+00:00,0.0,0.534,0.466,RT @BullCBS: The verdict is in...#Bull is the perfect Valentine! ‚ù§Ô∏è Happy #ValentinesDay! https://t.co/poEejI4AnC
177,@CBS,0.0,2018-02-13 20:03:56+00:00,0.0,1.0,0.0,"RT @NoActivityCBS: Car 27 reporting: Season 2 of #NoActivity coming soon!

Binge season one now on CBS All Access: https://t.co/yvxoQMeyhN‚Ä¶"
178,@CBS,0.7506,2018-02-13 18:54:52+00:00,0.0,0.748,0.252,"RT @LivinBiblically: Against all odds (and the advice of his God Squad), Chip is determined to live life by the Good Book. Think you could‚Ä¶"
179,@CBS,0.0,2018-02-12 18:49:45+00:00,0.0,1.0,0.0,RT @thegoodfight: Christine Baranski reflects upon the spectacular metamorphosis of her character in #TheGoodFight's first season. Revisit‚Ä¶
180,@CBS,0.0,2018-02-12 01:32:33+00:00,0.0,1.0,0.0,RT @startrekcbs: Binge the entire first season of #StarTrekDiscovery. All 15 episodes now streaming on CBS All Access: https://t.co/lKLaptP‚Ä¶
181,@CBS,0.8478,2018-02-09 00:50:01+00:00,0.0,0.696,0.304,RT @SuperiorDonuts: Looking for a #Valentine? Tush is here to help you land your dream date just in time for the day of love! #SuperiorDonu‚Ä¶
182,@CBS,-0.5859,2018-02-08 16:09:35+00:00,0.186,0.814,0.0,RT @CBSBigBrother: The pressure is on as the Houseguests battle each other for victory in the first HOH competition. Stream the season prem‚Ä¶
183,@CBS,0.0516,2018-02-07 18:35:19+00:00,0.0,0.934,0.066,"RT @startrekcbs: Sunday, this season's epic journey reaches its final reckoning. Catch up before the season finale: https://t.co/4Ea5wpmAep‚Ä¶"
184,@CBS,0.5574,2018-02-07 16:17:48+00:00,0.152,0.536,0.312,"Are you a sucker for jaw-dropping talent competitions? Announcing The World's Best, a first-of-its-kind new global‚Ä¶ https://t.co/fagCMklm2Z"
185,@CBS,0.0,2018-02-06 22:21:39+00:00,0.0,1.0,0.0,"RT @BullCBS: Tonight, one of these 3 TAC employees will end up incarcerated. Who do you think it will be? Tune into a new episode of #Bull‚Ä¶"
186,@CBS,0.0772,2018-02-06 17:05:49+00:00,0.106,0.773,0.121,"RT @thegoodfight: There's no season like lawyer season. #TheGoodFight returns March 4, exclusively on CBS All Access. https://t.co/XAlrg1nB‚Ä¶"
187,@CBS,0.0,2018-02-04 15:35:36+00:00,0.0,1.0,0.0,"RT @thegoodfight: The acclaimed series returns in 1 month. #TheGoodFight is back Sunday, March 4. https://t.co/5BNLTYRd8p https://t.co/yInP‚Ä¶"
188,@CBS,0.1531,2018-02-04 12:00:01+00:00,0.0,0.882,0.118,".@KeshaRose's emotional performance with @CyndiLauper, @AndraDayMusic, @BebeRexha and @Camila_Cabello brought the a‚Ä¶ https://t.co/qpgS2e9ir0"
189,@CBS,0.0,2018-02-03 23:11:43+00:00,0.0,1.0,0.0,Broadway legend Patti LuPone paid tribute to Sir Andrew Lloyd Webber with a show-stopping rendition of the iconic s‚Ä¶ https://t.co/GxqLtUzhFP
190,@CBS,0.8268,2018-02-03 12:00:07+00:00,0.0,0.662,0.338,"Relive an entire night's worth of big wins, live performances and many more inspiring moments from The 60th Annual‚Ä¶ https://t.co/CH7mJ4Y3QT"
191,@CBS,-0.0772,2018-02-02 22:36:13+00:00,0.075,0.925,0.0,RT @swatcbs: ‚ú®@TheTalkCBS' @TheRealEve and @ShemarMoore brought some serious heat to the GRAMMYs red carpet: https://t.co/WYTITKkLQd https:‚Ä¶
192,@CBS,0.4019,2018-02-02 20:07:40+00:00,0.0,0.856,0.144,"The all-star collaboration between @Rihanna, @DJKhaled and @brysontiller brought the party to the #GRAMMYs with a s‚Ä¶ https://t.co/jTv5QbtgUp"
193,@CBS,0.4003,2018-02-02 19:03:33+00:00,0.0,0.876,0.124,RT @TheTalkCBS: All the #redcarpet looks from the 60th annual #GRAMMYs! Did you catch @TheRealEve's sparkly two-piece suit? Diamond accents‚Ä¶
194,@CBS,0.6114,2018-02-02 17:23:18+00:00,0.0,0.834,0.166,Go backstage with the celebs and see which stars celebrated the big night together! Here are the moments you missed‚Ä¶ https://t.co/rgQTXRQyLg
195,@CBS,0.0,2018-02-01 22:04:41+00:00,0.0,1.0,0.0,üé∂ @DearEvanHansen star Ben Platt gave a soaring performance of a classic Broadway hit. Watch him perform 'Somewhere‚Ä¶ https://t.co/HcuizFWo02
196,@CBS,0.0,2018-02-01 20:09:49+00:00,0.0,1.0,0.0,"üé∏ @LittleBigTown, @U2, @BrunoMars and @Pink are just a few of the superstar performers that lit up the stage at The‚Ä¶ https://t.co/2v0MNYMItG"
197,@CBS,0.1139,2018-01-31 21:42:15+00:00,0.0,0.912,0.088,"Don't miss country stars Emmylou Harris and @ChrisStapleton perform a moving rendition of @TomPetty's classic song,‚Ä¶ https://t.co/GxoIW97XIu"
198,@CBS,0.1007,2018-01-31 17:05:47+00:00,0.115,0.75,0.135,RT @survivorcbs: Get excited! üôå It‚Äôs finally time to meet the castaways of #Survivor: Ghost Island ‚ò† https://t.co/xQQ8ROhKbM https://t.co/P‚Ä¶
199,@CBS,0.4588,2018-01-31 16:37:17+00:00,0.0,0.812,0.188,"Country stars @EricChurch, @BrothersOsborne and @MarenMorris performed a touching tribute dedicated to the victims‚Ä¶ https://t.co/YCIq9i70fd"
200,@CNN,-0.6705,2018-03-23 18:20:06+00:00,0.184,0.816,0.0,"The man shot and killed by Sacramento police was turning his life around, his brother says.

Stephon Clark was shot‚Ä¶ https://t.co/S5ib13fTFJ"
201,@CNN,0.0,2018-03-23 18:10:06+00:00,0.0,1.0,0.0,Advertisers are turning up the heat on Facebook. At least three companies have pulled advertisements after a data s‚Ä¶ https://t.co/9POKaJIWzq
202,@CNN,0.0,2018-03-23 18:01:46+00:00,0.0,1.0,0.0,"President Trump says the US is close to striking a trade deal with South Korea, an achievement that would mark an e‚Ä¶ https://t.co/bXJxefGEiQ"
203,@CNN,-0.659,2018-03-23 17:51:58+00:00,0.221,0.779,0.0,President Trump on his veto threat: ‚ÄúI looked very seriously at the veto. I was thinking about doing the veto. But‚Ä¶ https://t.co/dAb7rPFtnR
204,@CNN,0.0,2018-03-23 17:39:15+00:00,0.0,1.0,0.0,JUST IN: President Trump announces he is signing the $1.3 trillion spending bill passed by Congress this week despi‚Ä¶ https://t.co/cF8DRvZQgT
205,@CNN,0.0,2018-03-23 17:26:44+00:00,0.0,1.0,0.0,"President Trump is speaking from the White House.

Watch on CNN: https://t.co/UYpqI3w42L¬†

Follow for live updates:‚Ä¶ https://t.co/Qv2yFkf7AZ"
206,@CNN,0.0,2018-03-23 17:15:49+00:00,0.0,1.0,0.0,"President Trump will soon give a statement from the White House to address the spending bill, which he has threaten‚Ä¶ https://t.co/f4SMTdUbvc"
207,@CNN,0.6249,2018-03-23 17:05:46+00:00,0.0,0.823,0.177,"Jaelynn Willey, the 16-year-old girl shot by a student at Great Mills High School in Maryland earlier this week, di‚Ä¶ https://t.co/tGFHA1vYg4"
208,@CNN,-0.5267,2018-03-23 17:02:49+00:00,0.196,0.804,0.0,"""We‚Äôve experienced something that no kid should ever go through... no person should go through, so there‚Äôs a lot of‚Ä¶ https://t.co/4D1WTVszNQ"
209,@CNN,-0.2263,2018-03-23 16:58:15+00:00,0.119,0.881,0.0,"""Sometimes I forget that we are the high schoolers here."" - Parkland student Cameron Kasky #ParklandDiaries‚Ä¶ https://t.co/48msWThvbS"
210,@CNN,-0.0258,2018-03-23 16:55:21+00:00,0.113,0.693,0.195,"""Still feeling it. Still feeling the shock and still feeling the emotions running high ... just embracing it becaus‚Ä¶ https://t.co/x7o1a2s7E2"
211,@CNN,0.0,2018-03-23 16:52:00+00:00,0.0,1.0,0.0,"""I'm supposed to be recovering... and I can't do that if these things are still going to be happening."" Marjory Sto‚Ä¶ https://t.co/sUbZ5QOt6s"
212,@CNN,-0.6705,2018-03-23 16:45:52+00:00,0.224,0.776,0.0,"""I feel worried, I feel angry. I just know I have to go back and continue to learn even when our politicians won't""‚Ä¶ https://t.co/kwk6TSHcb3"
213,@CNN,-0.765,2018-03-23 16:41:39+00:00,0.258,0.742,0.0,"""I'm in a lot of pain, and I've never been faced with this kind of pain before."" - Parkland school shooting survivo‚Ä¶ https://t.co/jvQYUjrTKA"
214,@CNN,0.0,2018-03-23 16:18:49+00:00,0.0,1.0,0.0,"""I'm supposed to be recovering ... and I can't do that if these things are still going to be happening.""

Using cel‚Ä¶ https://t.co/fdUiHYJ3KG"
215,@CNN,0.0,2018-03-23 16:00:02+00:00,0.0,1.0,0.0,"Deep inside the 2,232 pages of text that make up the newly passed $1.3 trillion bill to keep the federal government‚Ä¶ https://t.co/WEZxxNd1B5"
216,@CNN,0.5106,2018-03-23 15:50:09+00:00,0.0,0.82,0.18,This mom's tweet helped 500 students find free housing for March for Our Lives https://t.co/j49w9xdzP4 https://t.co/yjQjbRp5Cf
217,@CNN,0.0,2018-03-23 15:42:07+00:00,0.0,1.0,0.0,A Congressional committee of bipartisan leaders just sent a letter to Facebook CEO Mark Zuckerberg requesting that‚Ä¶ https://t.co/Z4jb8sUlzy
218,@CNN,0.0,2018-03-23 15:32:03+00:00,0.0,1.0,0.0,"Why I'm marching on Saturday ... in a wheelchair || Karina Vargas, who was shot outside her school in Colorado, wri‚Ä¶ https://t.co/ayvSSPSWXF"
219,@CNN,-0.6597,2018-03-23 15:25:05+00:00,0.239,0.761,0.0,A former cancer patient is now a doctor at the hospital that helped her survive https://t.co/doUI4ebDVe https://t.co/uNjFGZ3Oec
220,@CNN,0.296,2018-03-23 15:14:05+00:00,0.0,0.901,0.099,"Are you a student taking part in Saturday‚Äôs March for Our Lives? Share your photos with CNN, along with your name,‚Ä¶ https://t.co/9lZCUpsK2B"
221,@CNN,0.0,2018-03-23 15:00:10+00:00,0.0,1.0,0.0,"Less than two months after allegations of sexual misconduct surfaced, Steve Wynn has sold his remaining stake in th‚Ä¶ https://t.co/L1qCa9FgkW"
222,@CNN,0.0,2018-03-23 14:50:08+00:00,0.0,1.0,0.0,"Kellyanne Conway signals she'd be open to taking the White House communications director job: ""I'm here to support‚Ä¶ https://t.co/UFh2Gl8ToI"
223,@CNN,0.0,2018-03-23 14:40:07+00:00,0.0,1.0,0.0,"The Republican National Committee spent over $424,000 at Trump properties in the first two months of 2018, accordin‚Ä¶ https://t.co/Mk4nQ7iPFj"
224,@CNN,-0.8658,2018-03-23 14:34:58+00:00,0.352,0.648,0.0,"Police storm supermarket in southern France where hostage situation left at least 2 dead, reportedly killing the at‚Ä¶ https://t.co/YCnfGbVjWH"
225,@CNN,0.4404,2018-03-23 14:29:25+00:00,0.0,0.818,0.182,What Trump doesn't get about Obamacare and health insurers' profits | via @Luhby https://t.co/A7Sbr8mwLN https://t.co/c6thfWyGzt
226,@CNN,0.0,2018-03-23 14:11:46+00:00,0.0,1.0,0.0,French police have stormed a supermarket in southern France after a hostage situation left at least two people dead‚Ä¶ https://t.co/KnRxBckuXV
227,@CNN,0.5106,2018-03-23 14:10:08+00:00,0.0,0.87,0.13,"All around the US, Lyft is offering free rides to protestors who will participate in the March for Our Lives this w‚Ä¶ https://t.co/nkzWhzn9GT"
228,@CNN,-0.3895,2018-03-23 14:00:08+00:00,0.243,0.572,0.185,"""He didn't just aggressively push for war with Iraq, he was confident that Saddam Hussein possessed weapons of mass‚Ä¶ https://t.co/plIloePX1D"
229,@CNN,0.1027,2018-03-23 13:50:19+00:00,0.089,0.804,0.107,National security adviser H.R. McMaster has resigned and will be replaced by former US ambassador and Fox News anal‚Ä¶ https://t.co/xstExILyV1
230,@CNN,0.0,2018-03-23 13:40:06+00:00,0.0,1.0,0.0,"Counselor to the President Kellyanne Conway's message to staff working in the White House: ""Get with the program or‚Ä¶ https://t.co/5jIH8ER7Fw"
231,@CNN,-0.34,2018-03-23 13:33:43+00:00,0.118,0.882,0.0,France hostage situation: Gunman took hostages in supermarket after firing shots at police officers who were out jo‚Ä¶ https://t.co/TXvSGuZkZe
232,@CNN,0.5106,2018-03-23 13:30:09+00:00,0.0,0.845,0.155,"Students who survived last month's deadly school shooting in South Florida have arrived in Washington, DC, ahead of‚Ä¶ https://t.co/jFZQ28r2un"
233,@CNN,-0.3818,2018-03-23 13:19:41+00:00,0.133,0.867,0.0,"President Trump threatens to veto the omnibus spending bill passed by Congress just after midnight, citing concerns‚Ä¶ https://t.co/b9xgWE57kZ"
234,@CNN,0.3818,2018-03-23 13:06:44+00:00,0.0,0.88,0.12,Parkland student Julia Cordover on the requiring of clear backpacks and IDs at Marjory Stoneman Douglas: ‚ÄúI do not‚Ä¶ https://t.co/SQ8KoN7L52
235,@CNN,-0.1531,2018-03-23 13:02:44+00:00,0.178,0.673,0.149,"France supermarket hostage situation: Attacker was ""known to intelligence agencies,"" CNN affiliate BFM TV reports‚Ä¶ https://t.co/SHwHuGMMvH"
236,@CNN,0.1531,2018-03-23 12:54:02+00:00,0.121,0.728,0.15,"Parkland student Sam Zeif: ‚ÄúWe‚Äôre fighting for our inalienable rights. My classmates, friends, teachers had inalien‚Ä¶ https://t.co/OqRTiZj7dV"
237,@CNN,0.0772,2018-03-23 12:50:53+00:00,0.0,0.933,0.067,"A number of employees ""are in lockdown"" in a garage behind the supermarket as this police situation unfolds in Sout‚Ä¶ https://t.co/MokkxEpd6E"
238,@CNN,0.4404,2018-03-23 12:48:51+00:00,0.0,0.868,0.132,Marjory Stoneman Douglas High School senior class president Julia Cordover on March for Our Lives: ‚ÄúWe hope that th‚Ä¶ https://t.co/29KnOC69Lk
239,@CNN,-0.2411,2018-03-23 12:24:19+00:00,0.098,0.902,0.0,This White House just keeps not telling the truth over and over and over again | Analysis by @CillizzaCNN‚Ä¶ https://t.co/aiyl1mZ85Y
240,@CNN,-0.8442,2018-03-23 12:16:59+00:00,0.324,0.676,0.0,"RT @CNNPolitics: Kellyanne Conway on Trump's proposal to impose the death penalty on some drug dealers: ""What the President is saying, and‚Ä¶"
241,@CNN,-0.7845,2018-03-23 12:14:29+00:00,0.289,0.711,0.0,"White House counselor Kellyanne Conway on Trump‚Äôs proposal of the death penalty for some drug dealers: ‚ÄúWell, good‚Äù‚Ä¶ https://t.co/EdrBQ0eLGb"
242,@CNN,-0.6705,2018-03-23 11:56:11+00:00,0.22,0.78,0.0,"France supermarket hostage situation:
- One person killed and others taken hostage at supermarket in Trebes, accord‚Ä¶ https://t.co/MQ6AzhNvtz"
243,@CNN,0.0,2018-03-23 11:51:12+00:00,0.0,1.0,0.0,"Why I'm marching on Saturday ... in a wheelchair || Karina Vargas, who was shot outside her school in Colorado, wri‚Ä¶ https://t.co/3kZ1kjIk6U"
244,@CNN,0.0,2018-03-23 11:37:55+00:00,0.0,1.0,0.0,The AT&amp;T and Time Warner trial could change the media industry https://t.co/jOQSmCyqFy https://t.co/9gdG7E0wp9
245,@CNN,0.34,2018-03-23 11:25:42+00:00,0.0,0.876,0.124,"BREAKING: Police in the southern French town of Tr√®bes are responding to a security situation, the Interior Ministr‚Ä¶ https://t.co/lEKQzqotOW"
246,@CNN,-0.2263,2018-03-23 11:20:04+00:00,0.137,0.863,0.0,"5 things for Friday:

- White House
- Tariffs
- Sacramento protests
- Government funding
- School shootings‚Ä¶ https://t.co/FJsKFICOI1"
247,@CNN,0.0,2018-03-23 11:09:55+00:00,0.0,1.0,0.0,Prince Harry and Meghan Markle visited Belfast on Friday for their first official visit to Northern Ireland togethe‚Ä¶ https://t.co/rOwcXn7eEb
248,@CNN,0.4404,2018-03-23 10:55:04+00:00,0.0,0.818,0.182,What Trump doesn't get about Obamacare and health insurers' profits | via @Luhby https://t.co/B1XVrT2NbI https://t.co/dvKH8vo30c
249,@CNN,0.0,2018-03-23 10:48:40+00:00,0.0,1.0,0.0,"Ex-Playboy model Karen McDougal on her alleged affair with Trump:

‚Ä¢ Claims they were together ""many dozens of time‚Ä¶ https://t.co/LtlE5OxYH6"
250,@CNN,0.5106,2018-03-23 10:35:33+00:00,0.0,0.82,0.18,This mom's tweet helped 500 students find free housing for March for Our Lives https://t.co/vJDTGBX6TX https://t.co/5iSvkxJJCX
251,@CNN,-0.6908,2018-03-23 10:19:43+00:00,0.305,0.695,0.0,Three firefighters died Thursday while battling two different blazes in Pennsylvania and New York.‚Ä¶ https://t.co/mIUb9fSvEe
252,@CNN,0.0,2018-03-23 10:12:33+00:00,0.0,1.0,0.0,An animatronic T .rex went up in flames at this dinosaur park in Colorado. The park says the blaze was caused by el‚Ä¶ https://t.co/Dif1eZnXqt
253,@CNN,0.0,2018-03-23 09:53:21+00:00,0.0,1.0,0.0,Interview on alleged affair tests Trump's vow of silence | Analysis by @StCollinson https://t.co/IhBb8p18zQ https://t.co/jo7tNI6Aal
254,@CNN,0.34,2018-03-23 09:40:02+00:00,0.0,0.876,0.124,President Trump's appointment of John Bolton as national security adviser could mark a belligerent turn for the adm‚Ä¶ https://t.co/2YgkMYUaSj
255,@CNN,-0.296,2018-03-23 09:36:25+00:00,0.115,0.885,0.0,"The Dalai Lama, the globe-trotting Tibetan spiritual leader, will do no more traveling this year, a spokesman said,‚Ä¶ https://t.co/ag3bcVcQWs"
256,@CNN,-0.5106,2018-03-23 09:16:39+00:00,0.193,0.807,0.0,The Austin bomber showed no remorse in a 25-minute confession video that he recorded hours before he blew himself u‚Ä¶ https://t.co/4zl8Oyndq1
257,@CNN,0.4588,2018-03-23 09:07:47+00:00,0.0,0.833,0.167,"A huge, swirling pile of trash in the Pacific Ocean is growing faster than expected and is now three times the size‚Ä¶ https://t.co/7s7GHT1eHM"
258,@CNN,-0.5423,2018-03-23 09:03:10+00:00,0.179,0.821,0.0,Why Donald Trump's China tariffs are likely to be a bad thing for him | Analysis by @CillizzaCNN‚Ä¶ https://t.co/IHSn4PZNuG
259,@CNN,0.0516,2018-03-23 08:46:47+00:00,0.111,0.769,0.12,Russian rap pioneers are losing faith with a new generation of rappers they say are absorbed by flashy lifestyles s‚Ä¶ https://t.co/aaDAcY7fh6
260,@CNN,0.0,2018-03-23 08:27:43+00:00,0.0,1.0,0.0,Only 117 years 'til this asteroid (possibly) hits us | By Don Lincoln via @CNNOpinion https://t.co/jBssaHcvXK https://t.co/luAXwQvGJP
261,@CNN,-0.4767,2018-03-23 08:12:19+00:00,0.147,0.853,0.0,"It's ""highly likely"" Moscow is behind nerve agent attack in Salisbury, according to EU leaders. 

After meeting wit‚Ä¶ https://t.co/68UlXENieI"
262,@CNN,0.0,2018-03-23 07:58:17+00:00,0.0,1.0,0.0,"Poland has some of the most restrictive laws in Europe when it comes to abortion. An estimated 80,000 Polish women‚Ä¶ https://t.co/pAqDeqdMyP"
263,@CNN,0.0,2018-03-23 07:46:14+00:00,0.0,1.0,0.0,"Ex-Playboy model Karen McDougal spoke to CNN about her alleged affair with Trump

‚Ä¢ Claims they were together ""many‚Ä¶ https://t.co/VFf1ILVxwJ"
264,@CNN,0.0,2018-03-23 07:36:20+00:00,0.0,1.0,0.0,"An unauthorized vehicle drove onto a US Air Force base in northern California, crashed and erupted into flames, kil‚Ä¶ https://t.co/v1yedH0LFA"
265,@CNN,0.0258,2018-03-23 07:32:10+00:00,0.067,0.861,0.072,Former Playboy model Karen McDougal tells CNN in an exclusive interview that President Trump tried to pay her after‚Ä¶ https://t.co/9dvxKuDkmZ
266,@CNN,0.2411,2018-03-23 06:50:16+00:00,0.044,0.874,0.082,"""China does not want a trade war, but China is not afraid of a trade war.""

The US and China hit each other with bi‚Ä¶ https://t.co/6zh8pzyxtL"
267,@CNN,-0.296,2018-03-23 06:46:04+00:00,0.115,0.885,0.0,"The Dalai Lama, the globe-trotting Tibetan spiritual leader, will do no more traveling this year, a spokesman said,‚Ä¶ https://t.co/2ouxnlIaMp"
268,@CNN,0.0,2018-03-23 06:40:26+00:00,0.0,1.0,0.0,"Barack Obama made his first trip to New Zealand. Before meeting with Prime Minister Jacinda Ardern, he was welcomed‚Ä¶ https://t.co/brp5r5rYnO"
269,@CNN,0.0,2018-03-23 06:31:04+00:00,0.0,1.0,0.0,"When students of Marjory Stoneman Douglas return to class after spring break next week, they'll be required to carr‚Ä¶ https://t.co/S4LrToOGdK"
270,@CNN,0.5574,2018-03-23 06:16:04+00:00,0.0,0.805,0.195,"Taylor Swift has sold more than 2 million copies of ""Reputation"" -- making it the first album to accomplish that fe‚Ä¶ https://t.co/OErdUsXzYl"
271,@CNN,0.0,2018-03-23 06:01:04+00:00,0.0,1.0,0.0,"Why I'm marching on Saturday ... in a wheelchair || Karina Vargas, who was shot outside her school in Colorado, wri‚Ä¶ https://t.co/RHzrhtqCHO"
272,@CNN,0.34,2018-03-23 05:46:02+00:00,0.122,0.676,0.203,"Frank Avruch, who was best known for playing Bozo the Clown, has died at the age of 89, according to his manager‚Ä¶ https://t.co/AyAme21y70"
273,@CNN,0.4019,2018-03-23 05:31:03+00:00,0.0,0.863,0.137,Instagram is answering the wish of many of its users: It will once again prioritize newer content‚Ä¶ https://t.co/TjWWIiFdlJ
274,@CNN,0.0,2018-03-23 05:16:05+00:00,0.0,1.0,0.0,"25 years ago, Republicans were more educated than Democrats. Now it's the opposite, a new Pew Research survey shows‚Ä¶ https://t.co/BjbRHCAw8W"
275,@CNN,0.0,2018-03-23 05:06:27+00:00,0.0,1.0,0.0,The Senate early Friday passed a $1.3 trillion spending bill that will keep the government funded through the end o‚Ä¶ https://t.co/JG1jiYeQG1
276,@CNN,0.0,2018-03-23 05:01:06+00:00,0.0,1.0,0.0,"""This is an American icon that has to be saved"": The billionaire CEO behind Bratz dolls and Little Tike toys is on‚Ä¶ https://t.co/EqmOiJxdWF"
277,@CNN,-0.6597,2018-03-23 04:46:03+00:00,0.239,0.761,0.0,A former cancer patient is now a doctor at the hospital that helped her survive https://t.co/SPGJAwvOrD https://t.co/ZAdOCQav25
278,@CNN,0.5719,2018-03-23 04:31:04+00:00,0.0,0.821,0.179,A new heroine is flying alongside Wonder Woman and Superman to pull Puerto Rico through hurricane Maria's aftermath‚Ä¶ https://t.co/XJzGkgBx0E
279,@CNN,0.0,2018-03-23 04:16:00+00:00,0.0,1.0,0.0,"What advice would you give to 25-year-old Donald Trump?

Trump: ""Don't run for president"" https://t.co/ps56kS51SW https://t.co/I2vz7dj9r2"
280,@CNN,0.296,2018-03-23 04:01:56+00:00,0.0,0.885,0.115,"Outgoing Secretary of State Rex Tillerson called Washington a ""very mean-spirited town"" in his goodbye address to U‚Ä¶ https://t.co/FdB0E1sdoQ"
281,@CNN,0.296,2018-03-23 03:31:04+00:00,0.0,0.901,0.099,"Are you a student taking part in Saturday‚Äôs March for Our Lives? Share your photos with CNN, along with your name,‚Ä¶ https://t.co/w8YmSryPAl"
282,@CNN,0.3818,2018-03-23 03:16:06+00:00,0.0,0.874,0.126,"Charlotte Pence says she's ""all for"" comedian John Oliver's parody book, which depicts her family's pet rabbit Marl‚Ä¶ https://t.co/LDEmFETq9k"
283,@CNN,0.5106,2018-03-23 03:01:01+00:00,0.0,0.82,0.18,This mom's tweet helped 500 students find free housing for March for Our Lives https://t.co/ub7yGde1kM https://t.co/wQbKAf6BdY
284,@CNN,-0.3612,2018-03-23 02:53:07+00:00,0.111,0.889,0.0,Sears had some of its debt downgraded to default status for the first time this week because it completed a refinan‚Ä¶ https://t.co/8sCHkFrher
285,@CNN,0.0,2018-03-23 02:49:26+00:00,0.0,1.0,0.0,John Bolton's move to the White House signals a more hawkish turn https://t.co/9SuX78dCPs https://t.co/MHZ6ArwY0I
286,@CNN,-0.5574,2018-03-23 02:46:01+00:00,0.231,0.708,0.061,"A number of independent Russian media outlets have boycotted the State Duma, the country's lower chamber of parliam‚Ä¶ https://t.co/OOXuh4c95N"
287,@CNN,0.0,2018-03-23 02:41:46+00:00,0.0,1.0,0.0,"""It's been 36 days and nothing's happened."" Parkland shooting survivors, including Aalayah Eastmond, visited Washin‚Ä¶ https://t.co/KoLOuNyCpr"
288,@CNN,-0.2263,2018-03-23 02:36:33+00:00,0.095,0.905,0.0,"Protesters marched into City Hall in Sacramento, California, and onto an interstate highway as the mayor called for‚Ä¶ https://t.co/wUoSNr4g1f"
289,@CNN,0.34,2018-03-23 02:31:02+00:00,0.0,0.87,0.13,"""Thursday's announcement about Fox commentator turned National Security Adviser John Bolton is just the latest exam‚Ä¶ https://t.co/WX2vNV3WqH"
290,@CNN,0.0,2018-03-23 02:21:19+00:00,0.0,1.0,0.0,"RT @CNNTonight: Ryan Lizza: John Bolton is ""the most consequential personnel pick that Donald Trump has made by far"" https://t.co/SCZevRMqe‚Ä¶"
291,@CNN,0.0,2018-03-23 02:16:02+00:00,0.0,1.0,0.0,The CIA paints a fuller picture of director nominee Gina Haspel's biography https://t.co/FodRfRSNIe https://t.co/URolyBU0Oi
292,@CNN,-0.296,2018-03-23 02:07:59+00:00,0.178,0.739,0.083,Democrats are touting that the massive new spending bill will now allow the federal government to conduct gun viole‚Ä¶ https://t.co/hu6jZa619Y
293,@CNN,-0.1336,2018-03-23 02:01:20+00:00,0.129,0.871,0.0,"Former Playboy model Karen McDougal's message to Melania Trump: ""I'm sorry. ... I wouldn't want it done to me""‚Ä¶ https://t.co/KnqXyGLtfU"
294,@CNN,-0.5267,2018-03-23 01:51:37+00:00,0.139,0.861,0.0,"""I was disgusted. I had not seen that in him at all when our relationship was going on."" Karen McDougal, a former P‚Ä¶ https://t.co/8C7S8oHNti"
295,@CNN,0.0,2018-03-23 01:40:58+00:00,0.0,1.0,0.0,"""What can you say, except, I'm sorry?"" Karen McDougal, a former Playboy model who is alleging an affair more than a‚Ä¶ https://t.co/K33cVe4e7m"
296,@CNN,0.0,2018-03-23 01:29:24+00:00,0.0,1.0,0.0,"RT @AC360: Former Playboy model McDougal on Trump's ""Access Hollywood"" tape: ""Not the man that I knew"" https://t.co/xjzeDwyHyi https://t.co‚Ä¶"
297,@CNN,-0.4404,2018-03-23 01:28:46+00:00,0.136,0.809,0.055,"""I voted for Donald. Why would I want to damage him?"" Former Playboy model Karen McDougal says her intention in tel‚Ä¶ https://t.co/GU2l5y3s8o"
298,@CNN,0.0,2018-03-23 01:24:11+00:00,0.0,1.0,0.0,John Bolton says his past comments are now behind him as he gears up for White House role https://t.co/UMgs6jzRhA https://t.co/rVT73TrUbM
299,@CNN,0.3612,2018-03-23 01:01:40+00:00,0.0,0.851,0.149,"BREAKING: China plans to slap tariffs on $3 billion worth of US products ranging from pork to steel pipes, after US‚Ä¶ https://t.co/eSFCGxGwN8"
300,@FoxNews,0.0,2018-03-23 18:24:00+00:00,0.0,1.0,0.0,.@ksorbs claims he was nixed from #ThunderCon over conservative political views https://t.co/ZK7VrazWhd https://t.co/bnwmoDFELm
301,@FoxNews,-0.3182,2018-03-23 18:23:09+00:00,0.15,0.85,0.0,"RT @FoxBusiness: .@elonmusk joins #deletefacebook boycott, removes SpaceX and Tesla pages from site https://t.co/Y6tmgu65hC"
302,@FoxNews,0.8883,2018-03-23 18:18:00+00:00,0.0,0.597,0.403,".@POTUS: ""We'll have by far the most powerful nuclear force on earth... Hopefully - praise be to God - we don't eve‚Ä¶ https://t.co/nnRcvwf7Yp"
303,@FoxNews,-0.4588,2018-03-23 18:14:00+00:00,0.158,0.842,0.0,".@SecNielsen: ""It's unfortunate that Congress chose not to listen to the men and women of @DHSgov."" https://t.co/yoIaLrYFbY"
304,@FoxNews,0.0,2018-03-23 18:02:40+00:00,0.0,1.0,0.0,"Moments ago at a press availability at The @WhiteHouse, President @realDonaldTrump directly addressed DACA recipien‚Ä¶ https://t.co/5UQBkQAn7p"
305,@FoxNews,0.0,2018-03-23 17:58:10+00:00,0.0,1.0,0.0,".@POTUS: ""The stock market's way up. When I came into office the stock market was from a different planet."" https://t.co/BWrIfpN4Cc"
306,@FoxNews,0.2263,2018-03-23 17:58:00+00:00,0.0,0.909,0.091,"Secretary Mattis: ""In 1790, in George Washington's first annual address to Congress he stated: To be prepared for w‚Ä¶ https://t.co/eyVVlqovgJ"
307,@FoxNews,0.3612,2018-03-23 17:48:39+00:00,0.0,0.837,0.163,".@POTUS: ""As a matter of national security I've signed this omnibus budget bill. There are a lot of things that I'm‚Ä¶ https://t.co/kxpOgyYw45"
308,@FoxNews,0.0772,2018-03-23 17:46:16+00:00,0.0,0.942,0.058,".@POTUS: ""I do want the Hispanic community to know and DACA recipients to know that Republicans are much more on yo‚Ä¶ https://t.co/933vC0MeNG"
309,@FoxNews,0.0772,2018-03-23 17:45:13+00:00,0.0,0.942,0.058,".@POTUS ""I say this to the DACA recipients that the Republicans are with you, they want to get your situation taken‚Ä¶ https://t.co/D8TwKaCPmm"
310,@FoxNews,0.3291,2018-03-23 17:44:38+00:00,0.0,0.907,0.093,".@POTUS: ""Not happy with $1.6 billion but it does start the wall and we will make that $1.6 billion go very, very f‚Ä¶ https://t.co/m5PNchkVr8"
311,@FoxNews,0.296,2018-03-23 17:43:04+00:00,0.0,0.901,0.099,".@POTUS: ""We're also spending $6 billion on, as you know, various forms of drug control, helping people that are ad‚Ä¶ https://t.co/K5sQfR9QHs"
312,@FoxNews,0.0,2018-03-23 17:41:26+00:00,0.0,1.0,0.0,".@POTUS: ""We're spending a lot of money on nuclear, on nuclear systems, to upgrade and in some cases brand-new... W‚Ä¶ https://t.co/XdrX5iEFD1"
313,@FoxNews,0.0,2018-03-23 17:40:02+00:00,0.0,1.0,0.0,".@POTUS: ""I'm calling on Congress to give me a line item veto for all government spending bills."" https://t.co/y2W8xc4eMv"
314,@FoxNews,-0.4588,2018-03-23 17:36:56+00:00,0.158,0.842,0.0,".@SecNielsen: ""It's unfortunate that Congress chose not to listen to the men and women of @DHSgov."" https://t.co/ihXxBc3FRL"
315,@FoxNews,-0.5256,2018-03-23 17:34:01+00:00,0.184,0.816,0.0,".@POTUS: ""DACA recipients have been treated extremely badly by @TheDemocrats. We wanted to include DACA."" https://t.co/oHgF3js3cm"
316,@FoxNews,0.0,2018-03-23 17:33:21+00:00,0.0,1.0,0.0,".@POTUS: ""We have to get rid of the filibuster rule and go to 51 votes in the Senate."" https://t.co/hBoCFH93hz"
317,@FoxNews,0.3612,2018-03-23 17:32:29+00:00,0.0,0.898,0.102,".@POTUS: ""I say to Congress I will never sign another bill like this again. I'm not going to do it again. Nobody re‚Ä¶ https://t.co/lr2PzAEvVi"
318,@FoxNews,0.3612,2018-03-23 17:31:41+00:00,0.0,0.837,0.163,".@POTUS: ""As a matter of national security I've signed this omnibus budget bill. There are a lot of things that I'm‚Ä¶ https://t.co/COdwQdMAuU"
319,@FoxNews,0.539,2018-03-23 17:30:37+00:00,0.113,0.539,0.348,".@POTUS: ""We have very importantly a pay increase for our troops."" https://t.co/5AmS1tfP8u"
320,@FoxNews,0.0,2018-03-23 17:29:59+00:00,0.0,1.0,0.0,".@POTUS: ""As much opposition to the military as we've had from @TheDemocrats - and it has been tremendous - I try t‚Ä¶ https://t.co/GkUaxVLoZE"
321,@FoxNews,0.0,2018-03-23 17:29:14+00:00,0.0,1.0,0.0,.@POTUS holds a news conference on spending bill https://t.co/TRyBXkROW0
322,@FoxNews,0.0,2018-03-23 17:29:02+00:00,0.0,1.0,0.0,".@POTUS: ""My highest duty is to keep America safe."" https://t.co/QDMFzf6PKF"
323,@FoxNews,-0.4939,2018-03-23 17:28:39+00:00,0.273,0.64,0.087,".@POTUS: ""For the last 8 years, deep defense cuts have undermined our national security."" https://t.co/qKx4TmRHLp"
324,@FoxNews,0.6369,2018-03-23 17:27:54+00:00,0.0,0.743,0.257,".@SecretaryRoss: ""We believe we are relatively close to a pretty comprehensive resolution with the South Korean gov‚Ä¶ https://t.co/F4PfNDPbZ2"
325,@FoxNews,-0.4357,2018-03-23 17:27:11+00:00,0.145,0.855,0.0,".@POTUS: ""We're going to get on to this ridiculous situation that took place over the last week."" https://t.co/FC6MQDBgu6"
326,@FoxNews,0.0,2018-03-23 17:23:52+00:00,0.0,1.0,0.0,COMING UP: @POTUS to speak amid reports he will sign spending bill Senate passed early this morning - For full live‚Ä¶ https://t.co/RjXvk17n3y
327,@FoxNews,0.3182,2018-03-23 17:23:23+00:00,0.0,0.839,0.161,".@RepChrisStewart: ""Who in the world would object to securing our borders?"" #OutnumberedOT https://t.co/3Nr84M6o0E"
328,@FoxNews,0.0,2018-03-23 17:22:53+00:00,0.0,1.0,0.0,".@RepChrisStewart: ""Why in the world are we going to push DACA down the road, down the road, down the road and not‚Ä¶ https://t.co/PftNfAva7K"
329,@FoxNews,-0.5423,2018-03-23 17:20:32+00:00,0.333,0.667,0.0,'Shawshank' convict in trouble over risky business with girlfriend: report https://t.co/UpganUNxND
330,@FoxNews,-0.6597,2018-03-23 17:13:42+00:00,0.375,0.625,0.0,Shocking video surfaces of Valerie Thompson's 343 mph motorcycle crash https://t.co/qnyUSpkiwp
331,@FoxNews,0.0258,2018-03-23 17:08:31+00:00,0.067,0.861,0.072,".@JenGriffinFNC: ""Inside the defense spending part of this omnibus bill is a 3% pay raise for the troops. That's th‚Ä¶ https://t.co/X5ASNsmv4O"
332,@FoxNews,0.0,2018-03-23 17:04:41+00:00,0.0,1.0,0.0,".@PeteHegseth: ""The stale status quo in Washington has not worked."" https://t.co/rxdgaqISY2"
333,@FoxNews,0.0,2018-03-23 16:51:06+00:00,0.0,1.0,0.0,Kevin Sorbo claims he was nixed from ThunderCon over conservative political views https://t.co/WnWRjKtRl4
334,@FoxNews,0.0,2018-03-23 16:48:50+00:00,0.0,1.0,0.0,BREAKING NEWS: @HARRISFAULKNER: @POTUS will brief at the @WhiteHouse at 1p ET. https://t.co/udSwHrJg4m
335,@FoxNews,0.5859,2018-03-23 16:43:03+00:00,0.0,0.833,0.167,".@dagenmcdowell: ""@JoeBiden had to watch Trump run and win, and so he had worked up all of these lines.""‚Ä¶ https://t.co/kFaO9UnwNd"
336,@FoxNews,0.0,2018-03-23 16:36:18+00:00,0.0,1.0,0.0,"COMING UP at 1p ET - the @WhiteHouse Press Briefing - For full live coverage, tune in to Fox News Channel! https://t.co/PYQMR1PIeb"
337,@FoxNews,0.3612,2018-03-23 16:32:55+00:00,0.13,0.592,0.278,".@SenWarren is no fan of President @realDonaldTrump's next national security adviser, @AmbJohnBolton.‚Ä¶ https://t.co/ewXvh3kh84"
338,@FoxNews,0.1531,2018-03-23 16:27:00+00:00,0.139,0.652,0.209,".@PeteHegseth: ""If you want peace, your enemies have to believe that you're willing to wage war."" #Outnumbered https://t.co/9loLASw0u5"
339,@FoxNews,0.0,2018-03-23 16:21:01+00:00,0.0,1.0,0.0,".@JessicaTarlov: ""Ambassador Bolton... still doesn't think that [the Iraq war] was a mistake."" #Outnumbered https://t.co/yYAr3rvQ9i"
340,@FoxNews,0.3612,2018-03-23 16:09:50+00:00,0.0,0.815,0.185,".@timkaine: ""It's like Art of the Deal-wrecker - that's my reaction."" https://t.co/Q2UXfbOYfL https://t.co/Pln3jgbeib"
341,@FoxNews,0.6369,2018-03-23 16:04:30+00:00,0.0,0.792,0.208,".@PeteHegseth: ""This is in many ways a swamp budget. It's a Mitch McConnell doozy. Democrats love it."" #Outnumbered https://t.co/QnPQvve7oq"
342,@FoxNews,0.0,2018-03-23 15:57:33+00:00,0.0,1.0,0.0,"US sanctions Iranian 'Game of Thrones' hacker, Iranian company in massive hacking scheme https://t.co/12LoErhwDu"
343,@FoxNews,0.0,2018-03-23 15:49:12+00:00,0.0,1.0,0.0,Marine's 2-year-old brother takes his place in girlfriend's prom photos https://t.co/LtLEazAW1Z
344,@FoxNews,-0.3612,2018-03-23 15:43:49+00:00,0.122,0.878,0.0,".@RepDianeBlack: ""We're now up to $21 trillion in debt and we're increasing our spending rather than decreasing it."" https://t.co/KSpbXsXyLT"
345,@FoxNews,0.4767,2018-03-23 15:36:22+00:00,0.0,0.829,0.171,RT @FoxNewsInsider: New Mom @HuntsmanAbby Is Returning to 'Fox &amp; Friends Weekend' @foxandfriends @JaniceDean @ainsleyearhardt @jillianmele‚Ä¶
346,@FoxNews,0.4466,2018-03-23 15:36:06+00:00,0.0,0.754,0.246,NEWS ALERT: Midnight deadline to approve spending bill. https://t.co/Q2UXfbOYfL https://t.co/NK6gQKKymX
347,@FoxNews,0.0,2018-03-23 15:33:14+00:00,0.0,1.0,0.0,RT @FoxNewsInsider: DNC Deputy Keith Ellison Calls for 'Maximum Wage' for Corporate Execs @IngrahamAngle https://t.co/UNB87wVZH7
348,@FoxNews,-0.1027,2018-03-23 15:33:09+00:00,0.08,0.92,0.0,RT @FoxNewsInsider: Mueller Won't Be 'Spooked': @JonathanTurley Warns About More Combative Strategy by Trump Lawyers @TheStoryFNC @marthama‚Ä¶
349,@FoxNews,0.0,2018-03-23 15:30:47+00:00,0.0,1.0,0.0,McDonald‚Äôs drive-thru customers have horses turned away https://t.co/E0kVDMjsau
350,@FoxNews,0.4019,2018-03-23 15:24:17+00:00,0.0,0.876,0.124,"Former Georgia Governor and U.S. Sen. Zell Miller, who famously crossed party lines when he was a Democrat to endor‚Ä¶ https://t.co/1SVcthbkd9"
351,@FoxNews,0.4019,2018-03-23 15:14:35+00:00,0.0,0.876,0.124,"Former Georgia Governor and U.S. Sen. Zell Miller, who famously crossed party lines when he was a Democrat to endor‚Ä¶ https://t.co/j8XK5Tdid6"
352,@FoxNews,0.0,2018-03-23 14:59:30+00:00,0.0,1.0,0.0,2 centuries-old ships discovered at Alexandria's waterfront https://t.co/llK5qFOuzo
353,@FoxNews,0.128,2018-03-23 14:48:33+00:00,0.0,0.87,0.13,Trump shakes up legal team ahead of possible Mueller interview https://t.co/lf4gRwJ2NM
354,@FoxNews,-0.34,2018-03-23 14:35:00+00:00,0.112,0.888,0.0,".@mzhemingway: ""Not all students are going to say that the answer to a mass shooting is restrictive gun control mea‚Ä¶ https://t.co/rsPJTlCEWm"
355,@FoxNews,0.1779,2018-03-23 14:34:15+00:00,0.0,0.855,0.145,Growing questions about CNN's airport monopoly as network veers left https://t.co/Csd5OJgToL
356,@FoxNews,0.0,2018-03-23 14:18:00+00:00,0.0,1.0,0.0,"""We were just at the right place at the right time. We went back to work and kept answering calls.""‚Ä¶ https://t.co/aim7Vql7mF"
357,@FoxNews,0.0,2018-03-23 14:15:16+00:00,0.0,1.0,0.0,".@mikepillsbury: ""I've known John Bolton since 1981. He's quite the insider."" https://t.co/XTbx2tzSwj"
358,@FoxNews,-0.6705,2018-03-23 14:11:34+00:00,0.36,0.64,0.0,Report: Hostage-taker in France shot and killed. https://t.co/ZmJ3QLQmmE https://t.co/ozXRtCKbbU
359,@FoxNews,-0.4588,2018-03-23 14:10:11+00:00,0.234,0.656,0.111,"Breaking News: Maryland school shooting victim, Jaelynn Willey, 16, has died after being taken off life support, po‚Ä¶ https://t.co/Qp2Yf3XCPl"
360,@FoxNews,0.0,2018-03-23 14:07:38+00:00,0.0,1.0,0.0,RT @FoxBusiness: Deputy Attorney General Rosenstein and other law enforcement officials hold a press conference on a major cyber law enforc‚Ä¶
361,@FoxNews,0.0,2018-03-23 14:02:58+00:00,0.0,1.0,0.0,"New Mom @HuntsmanAbby Is Returning to '@foxandfriends Weekend'!
https://t.co/WjNH9zwuPs"
362,@FoxNews,-0.8658,2018-03-23 13:57:31+00:00,0.367,0.633,0.0,BREAKING NEWS: Gunman in French hostage situation shot dead by police after killing at least two https://t.co/1xojiHFRqo
363,@FoxNews,-0.4215,2018-03-23 13:53:57+00:00,0.135,0.865,0.0,".@DiamondandSilk: ""@JoeBiden started all of this here foolishness here - and don't think that @POTUS is not going t‚Ä¶ https://t.co/9frug4XYib"
364,@FoxNews,-0.0943,2018-03-23 13:47:43+00:00,0.207,0.603,0.191,NEWS ALERT: Secretary Mattis calling @POTUS to warn of threat to defense spending if budget is vetoed.‚Ä¶ https://t.co/roSUaWVZIa
365,@FoxNews,-0.1531,2018-03-23 13:40:29+00:00,0.118,0.882,0.0,Renowned jockey dies after falling off horse headfirst during race (via @RyanGaydos) https://t.co/EbdiJ7TQhE
366,@FoxNews,0.4939,2018-03-23 13:33:10+00:00,0.0,0.856,0.144,".@GOPChairwoman: ""It is an absolute lie on behalf of Democrat leadership that they care about the DACA recipients m‚Ä¶ https://t.co/mFyLqmw7ZI"
367,@FoxNews,-0.5994,2018-03-23 13:28:14+00:00,0.259,0.741,0.0,BREAKING NEWS: President @realDonaldTrump threatens to veto spending bill over lack of border wall funding.‚Ä¶ https://t.co/0CzW6yrOgB
368,@FoxNews,-0.3182,2018-03-23 13:24:50+00:00,0.141,0.859,0.0,".@POTUS mulls veto of $1.3 trillion spending bill over lack of border wall, DACA https://t.co/twmD3HvRxC"
369,@FoxNews,-0.628,2018-03-23 13:23:26+00:00,0.228,0.772,0.0,".@TaxFighterSteel: ""We have to overturn this bad law in California... This law is unconstitutional.""‚Ä¶ https://t.co/0JRe6lXbFw"
370,@FoxNews,0.4019,2018-03-23 13:02:11+00:00,0.0,0.856,0.144,"Last night on ""Jimmy Kimmel Live,"" @therealroseanne discussed her - and her character's - support of President Dona‚Ä¶ https://t.co/AXFYJlFWu8"
371,@FoxNews,0.0,2018-03-23 12:59:32+00:00,0.0,1.0,0.0,"MOMENTS AGO, President @realDonaldTrump tweeted about the spending bill. https://t.co/zZAgr9NYSS"
372,@FoxNews,-0.34,2018-03-23 12:59:00+00:00,0.112,0.888,0.0,".@KyleKashuv: ""I don't know why I wasn't chosen - maybe because I don't fall into the category of gun control, of b‚Ä¶ https://t.co/QVesB1hND7"
373,@FoxNews,0.4019,2018-03-23 12:50:00+00:00,0.0,0.816,0.184,".@LindseyGrahamSC: ""[@AmbJohnBolton] has a worldview that I think will help @POTUS make us safer."" https://t.co/Sx8JPzMM3S"
374,@FoxNews,-0.802,2018-03-23 12:46:10+00:00,0.375,0.625,0.0,"JUST IN: French supermarket gunman kills two, demands release of Paris attacker: reports https://t.co/WUlnFEt15a"
375,@FoxNews,-0.6486,2018-03-23 12:36:45+00:00,0.235,0.765,0.0,"At least 1 dead after ISIS-aligned gunman shoots at cops, takes hostages in French supermarket‚Ä¶ https://t.co/4lvvXM62zQ"
376,@FoxNews,0.0258,2018-03-23 12:33:16+00:00,0.113,0.769,0.118,".@KyleKashuv: ""The issue isn't law-abiding citizens having a weapon. It's the agencies not... [making] sure that pe‚Ä¶ https://t.co/6AgJUAiCr0"
377,@FoxNews,-0.765,2018-03-23 12:31:14+00:00,0.292,0.708,0.0,".@KyleKashuv: ""The Parkland shooting - there are so many levels: The government failed. The police force failed. Th‚Ä¶ https://t.co/itWuo8i0Bd"
378,@FoxNews,0.0,2018-03-23 12:29:25+00:00,0.0,1.0,0.0,".@KyleKashuv: ""The @NRA represents 5 million+ American citizens, gun-law-abiding citizens."" https://t.co/FWtUphomim"
379,@FoxNews,-0.6608,2018-03-23 12:27:58+00:00,0.248,0.695,0.056,".@KyleKashuv: ""On the march's website, they listed how they want to ban AR-15s, and I don't agree with that.""‚Ä¶ https://t.co/owd1VfteQ6"
380,@FoxNews,-0.34,2018-03-23 12:26:13+00:00,0.112,0.888,0.0,".@KyleKashuv: ""I don't know why I wasn't chosen - maybe because I don't fall into the category of gun control, of b‚Ä¶ https://t.co/HuZfJcaFNL"
381,@FoxNews,0.4019,2018-03-23 12:20:01+00:00,0.0,0.87,0.13,".@LindseyGrahamSC: ""The only reason Kim Jong Un is meeting with President Trump - Trump has convinced the Chinese a‚Ä¶ https://t.co/nwbYiRpdnX"
382,@FoxNews,0.4215,2018-03-23 12:17:49+00:00,0.0,0.843,0.157,"Attorney General Jeff Sessions: Trump, DOJ taking steps to make Americans safer after school shootings‚Ä¶ https://t.co/lBpO9wu8oT"
383,@FoxNews,0.1901,2018-03-23 12:12:40+00:00,0.0,0.926,0.074,"RT @FoxBusiness: Parkland school shooting survivor @kylekashuv on 'March for our Lives:' ""I could march but I think my time would be much b‚Ä¶"
384,@FoxNews,-0.6486,2018-03-23 12:10:28+00:00,0.235,0.765,0.0,"At least 2 dead after ISIS-aligned gunman shoots at cops, takes hostages in French supermarket https://t.co/1xojiHFRqo"
385,@FoxNews,0.6908,2018-03-23 12:04:03+00:00,0.0,0.729,0.271,"RT @FoxBusiness: Parkland school shooting survivor @kylekashuv: ""I truly believe that if you want change, you go to the legislators."" https‚Ä¶"
386,@FoxNews,-0.4019,2018-03-23 11:56:28+00:00,0.124,0.876,0.0,".@SebGorka: ""With the open borders situation in the EU, [radical Islam] is a problem that has yet to be adequately‚Ä¶ https://t.co/36imFtOUgf"
387,@FoxNews,0.7579,2018-03-23 11:53:32+00:00,0.0,0.723,0.277,".@KellyannePolls: ""You can show a great distinction b/w the left's view of foreign policy &amp; national security &amp; ter‚Ä¶ https://t.co/GNA4M0DIxB"
388,@FoxNews,0.0,2018-03-23 11:50:37+00:00,0.0,1.0,0.0,.@SteveDoocy: There still is one police officer inside being held hostage. #France https://t.co/ZmJ3QLQmmE https://t.co/e4cH8TNY5q
389,@FoxNews,0.6369,2018-03-23 11:49:36+00:00,0.0,0.776,0.224,".@SebGorka: ""Right now it's about securing the perimeter, making people as safe as possible, and finding out who th‚Ä¶ https://t.co/qGwvaeEGiv"
390,@FoxNews,-0.6486,2018-03-23 11:39:03+00:00,0.249,0.751,0.0,DEVELOPING: 1 dead in France hostage situation; report: gunman pledged allegiance to ISIS. https://t.co/ZmJ3QLQmmE https://t.co/PwqFP7YCVy
391,@FoxNews,0.4404,2018-03-23 11:35:55+00:00,0.0,0.854,0.146,".@BrianCHouston: ""Christians are an easy target sometimes. After all, Jesus taught 'Turn the other cheek,' which is‚Ä¶ https://t.co/mpXzxK2jr3"
392,@FoxNews,0.0,2018-03-23 11:29:47+00:00,0.0,1.0,0.0,Developing: Gunman holding hostages in supermarket in southwestern France after a police officer was shot and wound‚Ä¶ https://t.co/sxBgl8IJRW
393,@FoxNews,-0.6486,2018-03-23 11:24:46+00:00,0.249,0.751,0.0,"Gunman holds hostages in French supermarket, claims allegiance to ISIS; 1 dead, reports say https://t.co/1xojiHFRqo"
394,@FoxNews,-0.2732,2018-03-23 11:16:07+00:00,0.123,0.877,0.0,"NYC firefighter dies battling blaze on set of Bruce Willis, Edward Norton film 'Motherless Brooklyn' https://t.co/ziIKEWQFlm"
395,@FoxNews,-0.5106,2018-03-23 11:07:16+00:00,0.169,0.773,0.058,"Breaking News: Gunman kills one and takes hostages at French supermarket, swears allegiance to ISIS, reports say https://t.co/WUlnFEt15a"
396,@FoxNews,0.2212,2018-03-23 11:00:01+00:00,0.0,0.91,0.09,"Michael Pillsbury on @foxandfriends: ‚ÄúIn many ways, H.R. McMaster is smooth. John Bolton is more of a fighter and I‚Ä¶ https://t.co/yA1Pxmmcj8"
397,@FoxNews,-0.8591,2018-03-23 10:56:18+00:00,0.404,0.596,0.0,Fired white police officer who killed unarmed black motorist to receive over $300G in back pay https://t.co/E8W0lnqg3N
398,@FoxNews,0.0,2018-03-23 10:35:10+00:00,0.0,1.0,0.0,"Warren Kusumoto, Los Alamitos councilman, on anti-sanctuary movement in California @FoxFriendsFirst‚Ä¶ https://t.co/bTGMw7uVxU"
399,@FoxNews,0.4215,2018-03-23 10:30:01+00:00,0.0,0.851,0.149,"Attorney General Jeff Sessions: Trump, DOJ taking steps to make Americans safer after school shootings (via‚Ä¶ https://t.co/aVSY7ZOjvM"
400,@nytimes,-0.743,2018-03-23 18:20:05+00:00,0.283,0.717,0.0,A 16-year-old girl critically injured in a shooting at a Maryland high school died after being taken off life suppo‚Ä¶ https://t.co/mEOh5bSuoy
401,@nytimes,-0.743,2018-03-23 18:05:03+00:00,0.296,0.704,0.0,"In @NYTOpinion, 

Op-Ed Columnist @NickKristof writes, ""To finally defeat extreme poverty, we have to tackle confli‚Ä¶ https://t.co/0ayeiQDH46"
402,@nytimes,0.6369,2018-03-23 17:50:10+00:00,0.0,0.781,0.219,"Modern Love: If I couldn‚Äôt find Mr. Right, what about Mr. Quasi-Right augmented by a few others? https://t.co/kMfq4a68mR"
403,@nytimes,-0.5267,2018-03-23 17:35:43+00:00,0.167,0.833,0.0,"Breaking News: President Trump signed the spending bill, averting a shutdown, hours after threatening to veto it. B‚Ä¶ https://t.co/IGRRQcvIXZ"
404,@nytimes,-0.6369,2018-03-23 17:25:27+00:00,0.189,0.811,0.0,"The Sacramento Kings owner expressed his ‚Äúdeepest sympathies‚Äù to the family of Stephon Clark, who was fatally shot‚Ä¶ https://t.co/6ILZMJITR4"
405,@nytimes,0.0,2018-03-23 17:10:09+00:00,0.0,1.0,0.0,"Iraq: 7 minutes
Jordan: 9 minutes
Romania: 12 minutes
Norway: 46 minutes
Afghanistan: 47 minutes
Sweden: 51 minutes
https://t.co/5FZtVaJwbS"
406,@nytimes,-0.8934,2018-03-23 16:55:08+00:00,0.386,0.614,0.0,Anger over the murders of a reporter and his fianc√©e forced Slovakia's prime minister and other officials to step d‚Ä¶ https://t.co/c0sovP7t5F
407,@nytimes,-0.34,2018-03-23 16:42:18+00:00,0.112,0.888,0.0,"In the 6 months since Harvey, The New York Times followed several families as they struggled to rebuild their lives‚Ä¶ https://t.co/z5tbaUGWJj"
408,@nytimes,0.0,2018-03-23 16:40:07+00:00,0.0,1.0,0.0,A new economy has arisen in the suburbs of Houston battered by Hurricane Harvey: the buying and selling of flooded‚Ä¶ https://t.co/WO68ktL3aX
409,@nytimes,0.4215,2018-03-23 16:24:40+00:00,0.0,0.833,0.167,"Around every corner and in every elevator, you‚Äôll find established and burgeoning talent https://t.co/6hTuQzdPgD https://t.co/UqgFNEv9Pc"
410,@nytimes,0.0,2018-03-23 16:23:46+00:00,0.0,1.0,0.0,And watched Aaron Burr practice in the room where it happens https://t.co/6hTuQzdPgD https://t.co/iGplOjFPWW
411,@nytimes,0.0,2018-03-23 16:22:14+00:00,0.0,1.0,0.0,We met Elsa and Anna as they took a break for homework https://t.co/6hTuQzdPgD https://t.co/G9HguVLA8G
412,@nytimes,0.4588,2018-03-23 16:20:15+00:00,0.0,0.85,0.15,"Welcome to the New 42nd Street Studios, where some of Broadway‚Äôs biggest shows ‚Äî including ‚ÄúFrozen‚Äù and ‚ÄúHamilton‚Äù‚Ä¶ https://t.co/jOqoqf30CT"
413,@nytimes,-0.6705,2018-03-23 16:10:13+00:00,0.176,0.824,0.0,"An armed man who killed 3 people in a supermarket in France, claiming to be acting on behalf of ISIS, was shot dead‚Ä¶ https://t.co/sG7DPvbvNy"
414,@nytimes,0.0,2018-03-23 15:55:06+00:00,0.0,1.0,0.0,Make Mark Bittman's spaghetti pie https://t.co/Fhdf0K8Pxa https://t.co/8Dbk2jAgSI
415,@nytimes,0.34,2018-03-23 15:40:06+00:00,0.0,0.876,0.124,"A PAC led by John Bolton, the next national security adviser, hired Cambridge Analytica for voter profiling, knowin‚Ä¶ https://t.co/bGnWNkattz"
416,@nytimes,0.3182,2018-03-23 15:25:34+00:00,0.0,0.859,0.141,"40% of Americans were obese in 2015 and 2016, a sharp increase from a decade earlier https://t.co/v3o9efVw4n"
417,@nytimes,-0.296,2018-03-23 15:11:43+00:00,0.196,0.804,0.0,RT @karenyourish: All the major Trump firings and resignations: https://t.co/I6fxKB6cLA
418,@nytimes,-0.5106,2018-03-23 15:00:08+00:00,0.185,0.815,0.0,Over 800 protests for stricter gun laws are planned for Saturday in the U.S. and in countries around the world https://t.co/O1xXOykGfJ
419,@nytimes,0.3832,2018-03-23 14:45:02+00:00,0.088,0.701,0.21,John Bolton's ascension to national security adviser creates the most aggressive foreign policy team around the Ame‚Ä¶ https://t.co/GuRHYWI7QW
420,@nytimes,0.0,2018-03-23 14:31:04+00:00,0.0,1.0,0.0,Blue passports were meant to be a symbol of post-Brexit Britain. They're coming ‚Äî but they'll be coming from France. https://t.co/UEHSqF3Wod
421,@nytimes,0.3612,2018-03-23 14:15:09+00:00,0.0,0.737,0.263,10 new books we recommend this week https://t.co/95z0PxQkho
422,@nytimes,0.0,2018-03-23 13:59:03+00:00,0.0,1.0,0.0,"John Bolton's political committee was one of the earliest customers of Cambridge Analytica, which it hired specific‚Ä¶ https://t.co/uuD7rKh4EI"
423,@nytimes,0.7096,2018-03-23 13:45:04+00:00,0.0,0.742,0.258,"RT @nytimesworld: Intellectual property, which underpins technology and innovation, has become the latest point of contention in global tra‚Ä¶"
424,@nytimes,-0.5267,2018-03-23 13:30:15+00:00,0.167,0.833,0.0,Breaking News: President Trump said he may veto the spending bill because it neglected his immigration priorities.‚Ä¶ https://t.co/qWxvnylMZg
425,@nytimes,0.0,2018-03-23 13:29:04+00:00,0.0,1.0,0.0,"""This is just what America needs: The thrilla in vanilla,"" Seth Meyers said. Our late-night roundup: https://t.co/VCswTaUg9Q"
426,@nytimes,-0.34,2018-03-23 13:08:42+00:00,0.107,0.893,0.0,"Breaking News: An armed man opened fire and took hostages in a supermarket in France, claiming to be acting on beha‚Ä¶ https://t.co/29pCnZYCbv"
427,@nytimes,0.0,2018-03-23 13:00:31+00:00,0.0,1.0,0.0,Morning Briefing: Here's what you need to know to start your day https://t.co/yJwtr8lLUt https://t.co/nn0hbhEVq8
428,@nytimes,0.0,2018-03-23 12:51:19+00:00,0.0,1.0,0.0,"""Hamilton,"" ""Frozen"" and many Broadway shows all rehearse in one building in New York City. We take you behind the‚Ä¶ https://t.co/KM7CVBp62M"
429,@nytimes,-0.836,2018-03-23 12:41:03+00:00,0.357,0.643,0.0,A firefighter was killed and two others were seriously injured by a blaze at a Harlem building being used as a movi‚Ä¶ https://t.co/Rgr6LDzv1c
430,@nytimes,-0.6908,2018-03-23 12:35:00+00:00,0.198,0.802,0.0,"""All of the information we have at the moment suggests that this is a terrorist attack,"" the French prime minister‚Ä¶ https://t.co/U8vxwaymSY"
431,@nytimes,-0.5994,2018-03-23 12:30:02+00:00,0.329,0.549,0.122,European leaders issued a relatively tough statement effectively blaming Moscow for the nerve agent attack on a for‚Ä¶ https://t.co/CQsSK3XD8b
432,@nytimes,0.0,2018-03-23 12:20:05+00:00,0.0,1.0,0.0,"In an NYT interview in 2002, John Bolton was asked about the Bush administration's stance on North Korea. He grabbe‚Ä¶ https://t.co/ztoVgBJmcV"
433,@nytimes,-0.3612,2018-03-23 12:11:01+00:00,0.16,0.751,0.089,"Your daily @DealBook Briefing:

‚Ä¢ China is threatening tariffs on $3 billion worth of U.S. goods.

‚Ä¢ Congress passe‚Ä¶ https://t.co/ZTGrG4LzdH"
434,@nytimes,-0.5574,2018-03-23 11:58:45+00:00,0.159,0.841,0.0,"A police operation is underway in Tr√®bes, in the southwest of France, after reports that a gunman had fired shots a‚Ä¶ https://t.co/eAF5r3ecB5"
435,@nytimes,0.0,2018-03-23 11:46:04+00:00,0.0,1.0,0.0,"The Austin bombings have stoked the raw racial, economic, political and geographical divisions that continue to sha‚Ä¶ https://t.co/nmrUhKFJ5Z"
436,@nytimes,-0.7579,2018-03-23 11:30:09+00:00,0.265,0.735,0.0,"More than 150 whales became stranded on a Western Australia beach, officials said. Poor weather and the threat of f‚Ä¶ https://t.co/iBCBfAlfG4"
437,@nytimes,-0.2732,2018-03-23 11:20:02+00:00,0.18,0.691,0.129,A brewing trade war between China and the United States sent markets reeling across Asia and Europe https://t.co/ZO5WHlNkar
438,@nytimes,0.6369,2018-03-23 11:10:06+00:00,0.0,0.826,0.174,"For decades, Americans have believed that the best way to end racial inequality is to end class inequality. But a l‚Ä¶ https://t.co/hAjMjkpJ2c"
439,@nytimes,-0.5574,2018-03-23 11:00:08+00:00,0.167,0.833,0.0,"A firefighter died after responding to a blaze at a building in Harlem that was being used for the film ""Motherless‚Ä¶ https://t.co/WKQL7uqp6a"
440,@nytimes,-0.0772,2018-03-23 10:50:04+00:00,0.109,0.796,0.095,"China announced that it would impose tariffs on $3 billion worth of American-produced goods, hours after President‚Ä¶ https://t.co/5BcgZoFWz3"
441,@nytimes,-0.5267,2018-03-23 10:40:04+00:00,0.134,0.866,0.0,"""My daughter was hurt by a boy who shot her in the head and took everything from our lives,"" her mother said. ""She‚Ä¶ https://t.co/OJxLMvAbVK"
442,@nytimes,0.0,2018-03-23 10:30:10+00:00,0.0,1.0,0.0,"In Opinion

Op-Ed columnist @FrankBruni writes: You would choose a pilot who had flown 999 flights over one with ni‚Ä¶ https://t.co/RUyygfxZMS"
443,@nytimes,0.4588,2018-03-23 10:21:02+00:00,0.0,0.87,0.13,"The halo, a head protection system, will appear on racecars for the first time in a Formula One grand prix on Sunda‚Ä¶ https://t.co/JEczmwYJr2"
444,@nytimes,-0.1027,2018-03-23 10:11:03+00:00,0.065,0.935,0.0,"President Trump put China squarely in his cross hairs on Thursday, imposing tariffs on as much as $60 billion worth‚Ä¶ https://t.co/fI7ZC9RT37"
445,@nytimes,0.0,2018-03-23 10:04:04+00:00,0.0,1.0,0.0,Morning¬†Briefing: Here's what you need to know to start your day https://t.co/7GuzRTp5Nn https://t.co/wTLS3T8zJ0
446,@nytimes,-0.2732,2018-03-23 09:45:03+00:00,0.204,0.681,0.115,"John Dowd, who resigned as President Trump's lead lawyer for the special counsel investigation, broke with Trump ov‚Ä¶ https://t.co/929RrsDtjh"
447,@nytimes,0.6249,2018-03-23 09:33:06+00:00,0.0,0.814,0.186,"Floating between California and Hawaii, the ""Great Pacific Garbage Patch"" is up to 16 times bigger than previously‚Ä¶ https://t.co/74CV7TOV6S"
448,@nytimes,0.0,2018-03-23 09:16:02+00:00,0.0,1.0,0.0,"""You don't catch a ride with your thumb. You catch it with a smile."" https://t.co/UF5b0vKYgh"
449,@nytimes,-0.4019,2018-03-23 09:00:04+00:00,0.163,0.837,0.0,"""The Trump-Bolton team then will ramp up pressure. And we will hear more talk about a pre-emptive strike and see te‚Ä¶ https://t.co/BfISNVrj5S"
450,@nytimes,0.0,2018-03-23 08:45:05+00:00,0.0,1.0,0.0,"‚ÄúThis is a wake-up call for the government,‚Äù said the secretary general of France's second-largest railway union https://t.co/torW97uS2K"
451,@nytimes,-0.7184,2018-03-23 08:31:07+00:00,0.273,0.727,0.0,"There is every risk that Turkey could find itself embroiled in a guerrilla war in Syria, @carlottagall writes https://t.co/zYfh7Eop0j"
452,@nytimes,-0.296,2018-03-23 08:14:01+00:00,0.155,0.845,0.0,All the major firings and resignations in the Trump administration ‚Äî so far https://t.co/cs0Xp8nJA9
453,@nytimes,-0.0772,2018-03-23 08:00:12+00:00,0.104,0.806,0.09,"China announced that it planned to impose tariffs on $3 billion worth of American-produced fruit, pork, wine, seaml‚Ä¶ https://t.co/lwdXDqLDKe"
454,@nytimes,-0.25,2018-03-23 07:46:04+00:00,0.1,0.9,0.0,"After 110 days alone at sea, 71-year-old Aleksander Doba finally completed his mission to kayak across the Atlantic‚Ä¶ https://t.co/dzVrCZcfRM"
455,@nytimes,0.0,2018-03-23 07:32:05+00:00,0.0,1.0,0.0,Blue passports were meant to be a symbol of post-Brexit Britain. They're coming  ‚Äî but they'll be coming from Franc‚Ä¶ https://t.co/WxHSZG7208
456,@nytimes,0.8271,2018-03-23 07:16:03+00:00,0.0,0.707,0.293,"RT @nytimesworld: 44 African countries sign on to a free trade pact, which would create the biggest free trade zone since the World Trade O‚Ä¶"
457,@nytimes,-0.5267,2018-03-23 07:02:00+00:00,0.206,0.794,0.0,Trump says getting tough on Chinese trade will empower the U.S. Experts worry it will do the opposite. https://t.co/qh7nyimzI0
458,@nytimes,-0.7579,2018-03-23 06:41:04+00:00,0.273,0.727,0.0,"RT @nytopinion: We can blame Facebook and Cambridge Analytica for the damage they‚Äôve done, but the responsibility lies with all of us. http‚Ä¶"
459,@nytimes,0.1027,2018-03-23 06:21:04+00:00,0.0,0.935,0.065,The U.S. will initially exempt key allies from its blanket steel and aluminum tariffs. But that will limit the impa‚Ä¶ https://t.co/t2DqeHbIqC
460,@nytimes,0.0243,2018-03-23 05:58:25+00:00,0.142,0.71,0.148,"Untangling yourself from a site like Facebook is not as easy as pressing ""delete"" https://t.co/fxZk2rVrNV"
461,@nytimes,0.0,2018-03-23 05:41:02+00:00,0.0,1.0,0.0,RT @EricAsimov: On the greatness of everyday wines. https://t.co/1jVcfr6afK
462,@nytimes,0.0,2018-03-23 05:28:53+00:00,0.0,1.0,0.0,"Responding to Trump, China Plans New Tariffs on U.S. Goods https://t.co/90hes0sRz9"
463,@nytimes,0.0243,2018-03-23 05:21:06+00:00,0.142,0.71,0.148,Untangling yourself from a site like Facebook is not as easy as pressing ‚Äúdelete‚Äù https://t.co/Ac0v7lsKYB
464,@nytimes,0.5994,2018-03-23 05:02:04+00:00,0.074,0.675,0.252,RT @Watching: Catch these great movies before they leave Netflix in April https://t.co/XJMn5Pv91w
465,@nytimes,0.2023,2018-03-23 04:47:04+00:00,0.0,0.859,0.141,Greenhouse gas emissions rose last year. Here are the top 5 reasons. https://t.co/UhLQrmb0LD
466,@nytimes,0.0,2018-03-23 04:43:36+00:00,0.0,1.0,0.0,"Congress passed a $1.3 trillion spending bill, keeping the government open through September
https://t.co/ENCrfG8wHb"
467,@nytimes,0.6249,2018-03-23 04:32:07+00:00,0.0,0.814,0.186,"Floating between California and Hawaii, the ""Great Pacific Garbage Patch"" is up to 16 times bigger than previously‚Ä¶ https://t.co/3Eq16vuwSk"
468,@nytimes,0.4404,2018-03-23 04:17:04+00:00,0.0,0.868,0.132,"Students hope the March for Our Lives sends a message that their generation has arrived: ""It's going to look scary‚Ä¶ https://t.co/z8hpE8RCQM"
469,@nytimes,0.296,2018-03-23 04:02:03+00:00,0.0,0.905,0.095,RT @nytpolitics: John Bolton is the third TV personality to join the Trump White House team in the past eight days https://t.co/Cw9ZRIQdEW
470,@nytimes,0.0,2018-03-23 03:47:02+00:00,0.0,1.0,0.0,"The six-inch-long skeleton has ten ribs, giant eye sockets and a long skull that ends in a point. It is not an alie‚Ä¶ https://t.co/NwS5CVeh9l"
471,@nytimes,0.1779,2018-03-23 03:47:02+00:00,0.0,0.825,0.175,Emmanuel Macron Becomes France‚Äôs Answer to Strongman Populism https://t.co/9bXjrLnLKq
472,@nytimes,0.0,2018-03-23 03:32:01+00:00,0.0,1.0,0.0,"The Ukrainian Parliament began enforcing a new law requiring lawmakers to check guns, explosives and other weapons‚Ä¶ https://t.co/Hwm8vOlPsp"
473,@nytimes,-0.5267,2018-03-23 03:21:07+00:00,0.185,0.815,0.0,RT @nytopinion: .@PaulKrugman: What Trump doesn't know about world trade can and will hurt you https://t.co/pegZJXcSCQ
474,@nytimes,-0.4404,2018-03-23 03:12:06+00:00,0.146,0.854,0.0,Michigan slogged through the opening weekend of March Madness. They quickly found their oomph against Texas A&amp;M. https://t.co/taPntSuUPg
475,@nytimes,0.0,2018-03-23 02:56:38+00:00,0.0,1.0,0.0,Rex Tillerson says farewell to the State Department: ‚ÄúThis can be a very mean-spirited town‚Äù https://t.co/b4LrY24NbY
476,@nytimes,0.0,2018-03-23 02:42:03+00:00,0.0,1.0,0.0,"Alejandro Caceres, who lives and works in East Austin, said he believed the police were dismissing the concerns of‚Ä¶ https://t.co/44nTNgeTU0"
477,@nytimes,0.296,2018-03-23 02:32:05+00:00,0.0,0.896,0.104,"A larger share of college graduates identify as or lean Democratic than at any point in the past quarter-century, a‚Ä¶ https://t.co/Tw8aNib9TL"
478,@nytimes,0.5106,2018-03-23 02:23:06+00:00,0.0,0.845,0.155,Sister Jean‚Äôs Cinderella bracket survived for at least another game. Loyola Chicago is headed to the Elite Eight. https://t.co/dY2oUW4Ci9
479,@nytimes,-0.8555,2018-03-23 02:14:19+00:00,0.356,0.644,0.0,The risk of a trade war is testing China's president. His first response: a threat to retaliate with tariffs on $3‚Ä¶ https://t.co/sNYl2X3jeq
480,@nytimes,-0.7783,2018-03-23 02:02:00+00:00,0.382,0.618,0.0,"Were the Austin bombings acts of terrorism? Why law enforcement says no. 
https://t.co/XmJ0ntBdYE"
481,@nytimes,0.0,2018-03-23 01:55:05+00:00,0.0,1.0,0.0,"‚ÄúHe is still down, he is not moving, we can‚Äôt see the gun,‚Äù an officer said.
Stephon Clark, an unarmed black man, w‚Ä¶ https://t.co/oltA3PfaNO"
482,@nytimes,0.2732,2018-03-23 01:47:03+00:00,0.0,0.916,0.084,"‚ÄúI thought, well, Trump,‚Äù said Rachel Hill, 16. ‚ÄúIf he can get into politics and if he can get elected, why can‚Äôt I‚Ä¶ https://t.co/Hs77Vv0Gfk"
483,@nytimes,0.25,2018-03-23 01:33:33+00:00,0.0,0.875,0.125,Michigan has advanced to the Elite Eight. A cat-loving freshman player helped get them here. https://t.co/xJ4m7XNnE7
484,@nytimes,0.0,2018-03-23 01:28:21+00:00,0.0,1.0,0.0,Who wears short shorts? Michigan's basketball team wears short shorts.  https://t.co/YonnCvaGWM
485,@nytimes,0.4404,2018-03-23 01:21:02+00:00,0.0,0.879,0.121,"RT @katierosman: Vanessa Trump courted the spotlight, until it became too bright. News from @BernsteinJacob and me on Vanessa, Don Jr. and‚Ä¶"
486,@nytimes,0.7717,2018-03-23 01:12:39+00:00,0.0,0.66,0.34,They're going wild at the Sisters of Charity of the Blessed Virgin Mary headquarters https://t.co/ICAgSmy9Xo
487,@nytimes,0.25,2018-03-23 01:11:35+00:00,0.0,0.867,0.133,Loyola Chicago just advanced to the Elite Eight. Sister Jean has been busy. https://t.co/csutjV7XaJ
488,@nytimes,0.0,2018-03-23 01:02:01+00:00,0.0,1.0,0.0,Evening Briefing: Here's what you need to know at the end of the day https://t.co/Hz9d7hrTOB
489,@nytimes,0.0,2018-03-23 00:47:02+00:00,0.0,1.0,0.0,"Charles Lazarus, who founded Toys ‚ÄúR‚Äù Us, the toy store chain that for 3 decades captured the hearts of American co‚Ä¶ https://t.co/8yy4VwAn0J"
490,@nytimes,0.0,2018-03-23 00:32:02+00:00,0.0,1.0,0.0,A restaurateur testified that he steered tens of thousands of dollars to Mayor Bill de Blasio‚Äôs campaigns as bribes‚Ä¶ https://t.co/BU5TiTul4K
491,@nytimes,-0.4767,2018-03-23 00:17:04+00:00,0.185,0.741,0.074,A fourth woman who reached a settlement after making harassment allegations against Bill O‚ÄôReilly has filed a defam‚Ä¶ https://t.co/wLmtDsaHju
492,@nytimes,-0.8481,2018-03-23 00:02:07+00:00,0.448,0.444,0.107,"‚ÄúCancer crushes hope, leaving a wasteland of grief, depression, despair and a sense of unending futility,‚Äù Julie Yi‚Ä¶ https://t.co/8Sb5kmfUCw"
493,@nytimes,-0.296,2018-03-22 23:47:02+00:00,0.155,0.845,0.0,All the major firings and resignations in the Trump administration ‚Äî so far https://t.co/svXdBZVwWR
494,@nytimes,0.6249,2018-03-22 23:32:04+00:00,0.0,0.661,0.339,"11 great titles expiring from Netflix in April
https://t.co/HcBU02pyJA"
495,@nytimes,0.5945,2018-03-22 23:18:21+00:00,0.0,0.856,0.144,RT @nytopinion: .@FrankBruni: Any of us would choose a pilot who‚Äôd flown 999 flights over one with nine. So why the romance with utterly un‚Ä¶
496,@nytimes,0.0,2018-03-22 23:02:06+00:00,0.0,1.0,0.0,Evening Briefing: Here's what you need to know at the end of the day https://t.co/VOho41K177
497,@nytimes,0.0,2018-03-22 22:51:00+00:00,0.0,1.0,0.0,"John Bolton, who will take office April 9, has met regularly with Trump to discuss foreign policy, and was on a lis‚Ä¶ https://t.co/GrdtG3jdyh"
498,@nytimes,0.1531,2018-03-22 22:46:04+00:00,0.112,0.701,0.187,"RT @MarkLandler: Scoop: McMaster to Resign as National Security Adviser, and Will Be Replaced by John Bolton https://t.co/qotF7Ftlr6"
499,@nytimes,0.0,2018-03-22 22:38:00+00:00,0.0,1.0,0.0,"General McMaster will retire from the military, officials said. He has been discussing his departure with President‚Ä¶ https://t.co/YOfH4W4IxY"
